AGUA ;2;20;1.71
AGUA EMBOTELLADA;3;20;7
BOLSAS CON AGUA;4;20;1.65
ALMUERZOS;5;20;5
AVENA;5;20;1.3
AZUCAR;6;20;2.5
CAFÉ ;6;20;4
CAFÉ DE BOTE 170 G;5;20;5.25
CENAS TIPICAS;5;20;4
CREMORA 35.3 ONZ ;5;20;5.5
GALLETAS ;7;20;2.25
JUGOS;3;20;8
LATAS DE GASEOSAS;3;20;11.2
PLATO FUERTE;5;20;9
REFRIGERIOS;8;20;1
REFRIGERIOS DE SÁNDWICH CON PAPAS Y QUESADILLA ;5;20;4.75
SAL;6;20;0.15
TARGETAS DE REGALO CENAS;5;20;10
TE DE MANZANILLA;3;20;1.5
ALIMAX PERRO ADULTO 44 LBS;9;21;15
RUFO CACHORRO 44 LBS;9;21;20.9
SHOPER CAN ADULTO;9;21;16.2
SHOPER CAN CACHORRO;9;21;19.05
AGUACATE;1;22;3
CAFE;1;22;0.5
CENECIO;1;22;2.25
CIPRES MEDIANO;1;22;1
CIPRES PEQUEÑO;1;22;1
CROTO;1;22;2.25
DOCENAS DE TABLA 4 VARAS;1;22;108
GARDENIA;1;22;2.25
IXORA ENANA;1;22;2.25
IXORA ROJA COLOCHA;1;22;2.25
LIMON;1;22;2
MANDARINA;1;22;2
MANGO;1;22;3
MANGO DE REPUESTO PARA PALA PROMO;1;22;5.35
MELAMINA CEREZO MADERADO 15MM;1;22;59.49
MELAMINA MANZANO;10;22;62.71
NANCE;1;22;2.5
NARANJA;1;22;2
PINO MEDIANO;1;22;1
PINO PEQUEÑO;1;22;1
PLATANO;1;22;0.75
PLYWOOD;10;22;36.95
POLIALTA;1;22;2.5
TABLAS DE 4 VARAS DE PINO;1;22;8
TECA;1;22;0.5
TRAPEADOR (PALO MADERA);1;22;3
BOTA INDUSTRIAL CUBO;1;23;47.5
BOTA DIELECTRICA ;1;23;68.93
BOTA JUNGLA;1;23;55.8
BOTA PORTO;1;23;68.93
BOTA PORTO 6 PULG;1;23;64
BOTA TRUPER;1;23;60
BOTAS CATERPILLAR;1;23;140
BOTAS CON CUBO;1;23;63.75
BOTIN DE SEGURIDAD C/CUBO METALICO Y PLANTILLA ANTIPERFORADOR;1;23;47.46
BOTIN INDUSTRIAL;1;23;47.46
CAMISA CONFECCIONADA EN TELA OJO CIEGO;1;23;12
CAMISA DE ALGODON;1;23;7.33
CAMISAS C/LOGO;1;23;21
CAMISAS CUELLO REDONDO;1;23;10.17
CATERPILLAR AECOND SHIEFL NEGRO;1;23;63.75
CHALECOS REFLECTIVO;1;23;8
CHALECO BRIGADISTA;1;23;14.95
FRANELA;1;23;1
GABACHA O BATA ;1;23;21.5
GORRAS;1;23;9
JEANS AZULES;1;23;17.5
MICROFIBRA SCOTCHBRITE PAÑO;1;23;19.9
PANTALONES DE VESTIR;1;23;21
PAR DE MEDIAS;1;23;2
TRAJE DE DOS PIEZAS;1;23;22.23
UNIFORME 3ER LUGAR;1;23;10
UNIFORME DE FUTBOL INFANTIL;1;23;24
UNIFORME PARA CAMPEON DE LIGUILLA;1;23;10
UNIFORME PARA CAMPEON FEMENINO;1;23;12
UNIFORME PARA CAMPEON MASCULINO;1;23;12
UNIFORMES ADMINISTRATIVOS  ;11;23;70
UNIFORMES PARA ORDENANZAS;11;23;50
UNIFORMES DE FABRICA SUBCAMPEON;1;23;14
UNIFORMES DE FUTBOL DE ADULTO;1;23;28
UNIFORMES DE VOLEIBO;1;23;33.9
UNIFORMES PARA EL 4TO LUGAR;1;23;10
UNIFORMES PARA SUBCAMPEON FEMENINO;1;23;10
UNIFORMES SUBLIMADO;1;23;20
AGENDA GERENCIAL PERSONALIZADA;1;24;16
AGENDA DIARIA;1;24;12
ARCHIVADOR DE PALANCA T/C;1;24;2
ARCHIVADOR DE PALANCA T/O;1;24;2.15
BOLSA MANILA 9X12 T/CARTA;1;24;0.07
"BOLSA MANILA ""10x15"" T/OFICIO";1;24;0.08
"BOLSA MANILA ""12x15""";1;24;0.1
"BOLSA MANILA ""7x10""";1;24;0.06
BOLSA MANILA 06X9;1;24;0.03
CAJAS DE CARTON GRANDES;1;24;3
CAJAS DE CARTON PEQUEÑAS;1;24;1
CARPETA COLGANTE T/O;1;24;0.55
CARTULINA PLIEGO ;1;24;0.2
CARTULINA T/C;1;24;0.3
CONO PARA AGUA ;7;24;1.9
CUADERNO MULTIMATERIA ;1;24;5.5
FOLDER DE COLORES T/C;1;24;0.14
FOLDER DE COLORES T/O;1;24;0.2
FOLDER MANILA TAMAÑO CARTA;1;24;0.07
FOLDER MANILA TAMAÑO OFICIO;1;24;0.08
HOJAS AGUJERADAS LEDGER B-32;1;24;0.1074
LIBRETA RAYADA TAMAÑO CARTA;1;24;0.6
LIBRO DE ACTAS;1;24;6.5
ORDER BOOK;1;24;0.8
PAGINAS DE COLORES;1;24;0.02
PAPEL BOND B-20 TAMAÑO CARTA;12;24;3
PAPEL BOND B-20 TAMAÑO OFICIO;12;24;3.75
PAPEL CONTOMETRO;1;24;0.25
PAPEL ESTAÑO ;1;24;0.8
PAPEL FOTOGRAFICO;12;24;10.5
PAPEL HIGIENICO SMART ONE ;3;24;26.22
PAPEL HIGIENICO  JUMBO;3;24;54.6
PAPEL KRAF 30X40 PLIEGO;1;24;0.35
PAPEL LUSTRE DE COLORES;1;24;0.15
PAPEL TOALLA (CAJA 12 ROLLOS);3;24;42.86
PAPEL TOALLA SCOTH;1;24;3
PLIEGO DE PAPEL BOND;10;24;0.1
POST-IT ;13;24;3.5
SERVILLETAS;7;24;0.6
SOBRES BLANCOS TAMAÑO OFICIO;1;24;0.02
GUANTES DE CUERO;1;25;4.48
BOTA DE HULE;14;25;9.75
MANGUERA ALTA PRESION 3/8X8 ;1;25;282.5
MANGUERA BOMBA AGUA;1;25;15.71
MANGUERA D/ AIRE 15 PIES;1;25;14
MANGUERA DE TUBERÍA INTERCOLLER;1;25;28
MANGUERA FRENOS;1;25;14.12
MANGUERA FRENOS 36;1;25;14.44
MANGUERA HIDR #10;1;25;8
MANGUERA HIDRÁULICA # 04;1;25;4
MANGUERA ORIG;1;25;29.22
MANGUERA P/ MAXIFERNO 1/2;1;25;13.47
MANGUERA P/ MAXIFRENO;1;25;13.47
MANGUERA PLASTICA DE 1 PUL;1;25;109.25
MANGUERAS PARA BOMBA DE ENGRASE;1;25;8
PIE DE CABLE;1;25;4.68
PIE DE MANGUERA;1;25;10
PIE DE MANGUERA 5/8;1;25;8
PIE DE MANGUERA AIRE;1;25;2.5
PIE DE MANGUERA DE GASOLINA;1;25;3.9
PIE DE MANGUERA MR;1;25;1.63
PIE DE MANGUERA PLASTICA P/ AIRE;1;25;0.9
PIE MANGUERA ALTA PRESION;1;25;4.5
PIE MANGUERA DE GASOLINA;1;25;1.5
POLIURETANO;1;25;9.04
ACETILENO T/G;1;26;0.5
ACIDO DESINCRUSTANTE ;1;26;50
ACIDO MURIATICO;15;26;2.3
ACIDO MURIATICO  (20 %);15;26;52
ACIDO MURIATICO  AINSA;15;26;0.49
ACIDO MURIÁTICO PARA PISCINA ;15;26;6
ACIDO P/ BATERIA;15;26;25
ACIDO REGULADOR ;1;26;2.9
ADEHERENTE AUTOMOTRIZ;15;26;3.39
ADELGAZADOR T-GN-S/;1;26;4.9
ADHESIVO WA-500 ;1;26;40
AGUA DESMINERADA;1;26;24.54
AGUA P/BATERÍA;15;26;4
AIRE COMPRIMIDO ;1;26;12.5
ALCOHOL EN SPRAY;1;26;4
ALCOHOL GEL;15;26;23
ALGUICIDA PARA PISCINA;1;26;15.95
ANTI GRAVA ;1;26;15
ANTIC LANCO;1;26;13.95
ANTIC. CLASICA;1;26;38
ANTICORROSIVO;15;26;26.6
ANTICORROSIVO NEGRO;16;26;11
ANTIPARASITARIO ECTOBULL;1;26;30
ANTOCORROSIVO 4000 NEGRO ;1;26;13.85
AROMATIZANTE GLADE;1;26;3.25
ARRANCADOR ETER;1;26;26.3
ATALIZADOR ULTRA 7000 NORMAL;1;26;2.4
BACTOL AEROSOL;1;26;8.5
BARNIZ MARINO KORAL;1;26;6
BARNIZ ROBLE OSCURO SHERWIN;16;26;6
BARNIZ SUPER MARINO;1;26;13.1
BASE AUTOM. NITRO GRIS CLARO.;1;26;5.38
BASE AUTOMOTRIZ NITRO AMARILLO;1;26;11
BASE AUTOMOTRIZ NITRO CLARO OPEXCOMBO;1;26;20
BASE AUTOMOTRIZ NITRO GRIS ;1;26;10.23
BASE AUTOMOTRIZ NITRO GRIS C;1;26;32.9
BASE BLANCA HIGH STANDAR;15;26;5.5
BASE BLANCA HIGH STANDARD LATEX;1;26;33.15
BASE COMBO GRIS CLARO;1;26;31.5
BAYGON OKO;1;26;28.5
BLANCA SUR TRADICIONAL;17;26;11.5
CARGA DE EXTINTOR C02;1;26;10
CARGA DE EXTINTOR DE 10 LBS;1;26;33.02
CARGA DE EXTINTOR DE 15 LBS;1;26;10.57
CARGA DE EXTINTOR DE 2.5 LBS.;1;26;10.56
CARGA DE EXTINTOR DE 20 LBS;1;26;18.77
CARGA DE EXTINTOR DE 5 LBS.;1;26;5.83
CARGA EXTINTOR ABC ;1;26;24
CATALIZADOR;15;26;20
CATALIZADOR 30 CC ;1;26;7.77
CATALIZADOR P/ BASE;1;26;24
CATALIZADOR ULTRA 7000 NORMAL;1;26;1.1
CLEAR CON CATALIZADOR;1;26;40.65
CLEAR ULTRA 7000 PERFORMANCE;1;26;32
CLEAR ULTRA 7000 SUPER PRODUCTIVO;1;26;22
CLEARCOAT EXCELBASE;1;26;110
CLEARCOAT EXCELBASE 2K UNIVERSAL;1;26;135.48
COADYUVANTE AGRICOLA IMBIREX;1;26;24.54
COLONIAL LATEX BLANCO ;1;26;44.9
CONTAC CLEAR;1;26;3.5
COOPER PERMATEX;1;26;40
COOPER SPRAY;1;26;4
DESENGRASANTE ALCALINO;1;26;23
DESENGRASANTE HAND CLEANER ABRO;18;26;54.15
DESENGRASANTE INDUSTRIAL;1;26;26
DESINFECTANTE PARA PISO;15;26;5
DESINFECTANTE PARA PISO;2;26;28.75
DESINFECTANTE PARA BAÑO;18;26;9
DESODORANTE PARA BAÑOS;1;26;8
DETAR CLEANER;15;26;5
DETERGENTE;19;26;6
DETERGENTE ;4;26;14.12
DETERGENTE 1500 GR;4;26;36.73
DETERGENTE EN POLVO INDUSTRIAL 10 LIB;19;26;56.16
DETERGENTE INDUSTRIAL EN POLVO;1;26;4.57
DETERGENTE LIQUIDO;1;26;36.72
DRUM X 45 DESINCRUSTANT;2;26;7
DRUM X45 ACIDO DESINCRUSTANTE C;15;26;25
DRUMEX P DETERGENTE EN POLVO;1;26;5.5
EASY CREAM;15;26;4.95
ENDURECEDOR P/PRIMARIO MONOCAPA ;1;26;27.2
ENDURECEDOR P/PRIMARIO, MONOCAPA;20;26;16
EPOXIMIL;1;26;22
EPOXIMIL LOCTITE;1;26;20
ESM EXCELLO BLANCO ;1;26;3.25
ESM SUPRA DEEP ;15;26;80
ESM WALL MASTER ACCENT ;1;26;3
ESM. CLAS BLANCO;1;26;33.9
ESM. SUPRA BLANCO ;1;26;35
ESM. SUPRA PASTEL;1;26;13
ESM. WALL MASTER BLANCO WS705-5 QT;1;26;28.5
ESMALTE FAST DRY;1;26;136
ESMALTE FAST DRY ;1;26;10.5
ESMALTE KEM LUSTRAL;1;26;16
ESMALTE KEM LUSTRAL;1;26;36.9
ESMALTE KEM LUSTRAL AMARILLO CATERPILLAR;1;26;36.5
ESPUMA DE POLIURETANO;1;26;28.75
ESPUMA LIMPIADORA;1;26;28.75
ESPUMA LIMPIADORA MUEBLES MADERA;1;26;9
ESPUMA LIMPIADORA PARA COMPUTADORA;1;26;17.75
ETER ARRANCADOR;1;26;19
EXCELBASE MONOCAPA PREP;1;26;104
EXCELBASE PREPARADO;16;26;110.08
EXCELBASE PRIMER EBP7210;1;26;150
EXCELLO ESMALTE ALUMINIO;16;26;41.8
EXCELLO ESMALTE BLANCO;17;26;37.95
EXCELLO ESMALTE BLANCO ;1;26;34.5
EXCELLO ESMALTE NEGRO;1;26;162
EXCELLO ESMALTE NEGRO MATE ;1;26;34.5
EXCELLO LATEX;1;26;37.95
EXCELLO LATEX AZUL BANDERA;1;26;132.98
EXCELLO LATEX BLANCO;1;26;30.5
EXCELLO LATEX BLANCO;15;26;127
EXCELLO LATEX BLANCO CBT;1;26;30.5
EXPRESS LATEX;1;26;0.01
EXPRESS LATEX BLANCO;15;26;92
EXTINGUIDOR 10 LBS;1;26;20.5
EXTRA CLEANER DESINFECTANTE ;1;26;84.95
FERTILIZANTE BAYFOLAN;1;26;117
FERTILIZANTE BLAUKORN;1;26;41.2
FERTILIZANTE FORMULA 15-15-15 QQ;1;26;1.25
FERTILIZANTE FORMULA 20-20-20 QQ;1;26;26
FERTILIZANTE QUINTAL 15-15-15;1;26;29
FERTILIZANTE SULFATO;1;26;24
FERTILIZANTE UREA;1;26;24
FIJADOR DE ROSCA USO PESADO LOCTITE;1;26;36.72
FUNGICIDA ACROBAT;1;26;4.7
FUNGICIDA ALDABON 50 SC;1;26;11.9
FUNGICIDA COMPADUO 84 WG;1;26;23
GAS;21;26;63.51
GAS;6;26;6
GAS 134A;6;26;6
GAS 134-A;6;26;8
GAS DE CARGA ;6;26;11.25
GAS DE LIMPIEZA;1;26;15
GAS DE LIMPIEZA;6;26;6.25
GAS PIMIENTA;6;26;5.83
GAS PROPANO ;1;26;5.83
GAS PROPANO TROPIGAS;1;26;69.8
GAS R22;1;26;185
GAS R-22;22;26;36.5
GAS R-22;6;26;6
GREASE CLEANER GRADO ALIMENTO;1;26;85
HERBICIDA BASAGRAN;20;26;3
HERBICIDA BUNKER 480 SC;1;26;8.25
HERBICIDA CLOMIT 50 WG;1;26;15.5
HERBICIDA DIMAXINE 60 SL;1;26;36.73
HERBICIDA ELIMINA ® 60 SL ;1;26;1.5
HERBICIDA GLIFOSATO;18;26;27.6
HERBICIDA HEDONAL;1;26;2.75
HERBICIDA PARAQUAT CRIOLLO;1;26;42
HERBICIDA PARAQUAT RAINBOW ;1;26;5
HERBICIDA ROUNDUP ;1;26;18
HERBICIDA TORBAN;1;26;150
HLN ADHESIVO;1;26;26
IMPERMEAB SILICONIZER L;15;26;37
IMPERMEABILIZABLE LANCO;15;26;19.5
IMPERMEAM. SILICONIZER LANCO;1;26;10.5
INSECTICIDA CONNECT;1;26;95
INSECTICIDA FIPRONIL;1;26;5.5
INSECTICIDA FOLIKIL;1;26;10
INSECTICIDA MONARCA;1;26;2.5
INSECTICIDA ORGANOSATO ;1;26;28
INSECTICIDA PYRIMETHA;1;26;11
JABÓN AJAX;1;26;2
JABÓN AXION;23;26;1.65
JABON LIQUIDO PARA MANOS EN SPRAY;3;26;33.02
JABÓN GENTIL HANDS;15;26;5.8
JABÓN PARA LAVAR;7;26;3
JET BOND SUPER LIJABLE;1;26;1.5
JOHNSON/ PLEDGE LIMPIADOR DE MADERA;1;26;28.25
KATANGA;1;26;6.2
KIT PROBADOR DE PH;1;26;28
LEJIA AL 6%;15;26;3.25
LEJIA AL 6% BIDON DE 5 GALONES;2;26;15.75
LIMPIA CARBURADOR;1;26;5.83
LIMPIA CONTACTO;1;26;8.5
LIMPIA PANTALLA;1;26;5
LIMPIADOR DE CARBURADOR;1;26;4.04
LIMPIADOR DE CONTACTOS 3M;1;26;10
LIMPIADOR DE CONTACTOS DIELECTRICO ;1;26;13
LIMPIADOR DE MANO ALCOHOL GEL;1;26;24
LIMPIADOR DE MUEBLE TUFF ;1;26;34.37
LIMPIADOR DE PANTALL;1;26;24.5
LIMPIADOR DE PARTES ELECTRICAS;1;26;5.75
LIMPIADOR DE RAD;1;26;10.74
LIMPIADOR DE SUPERFICIE;1;26;6.05
LIMPIADOR DECAPANTE PROFESIONAL ;1;26;4.9
LIMPIADOR DEL RADIADOR SUPER FLUSH;1;26;8.25
LIMPIADOR INTENSIVO KRM750;1;26;135.6
LIMPIADOR PARA ESCRITORIO;38;26;6
LIMPIADOR PARA VIDRIO;1;26;3
LIMPIADOR VARSOL GALONES;1;26;8.5
LIMPIADORES DE CARBURADORES;1;26;6
LIMPIADORES DE TURBO;1;26;7.5
LIMPIADORES PARA SERPENTINES;1;26;26
LIQUIDO D/ARRANQUE STARTING FLUIS;1;26;19
LUBEQUAT;15;26;7
LUBEQUAT SANITIZANTE DE PISOS;1;26;10.68
MASILLA FACIL LIJADO;16;26;102
MASILLA GRIS;15;26;13
MASILLA PARA TABLAROCA;1;26;25
MASILLA PLASTICA;1;26;14.1
MASILLA RAPIDO LIJADO;15;26;2.3
MATANCHA ;1;26;29
METALOSATE MULTIMINERAL;20;26;38
MONOCAPA COLOR;15;26;30
MURALLA DELTA;1;26;2.74
NITRO GRIS OSCURO;16;26;6
NITRÓGENO INDUSTRIA;1;26;60
NOBLEX;15;26;19
NOBLEX ALCOHOL GEL CON ALOE VERA;1;26;10.96
OXIGENO;21;26;26
OXIGENO;21;26;62
OXIGENO INDUSTRIAL;1;26;24
OXIGENO INDUSTRIAL 370 PC.;1;26;37.75
PASTA TERMICA DE ALTA CONDUCTIVIDA;1;26;32.9
PASTILLA DE HIPOCLORITO ;1;26;13.5
PEGA ROSCA;1;26;1
PEGA SUPER BLU;1;26;10
PEGA SUPER GLU;1;26;0.5
PEGA TANGIT ;1;26;0.5
PEGAMENTO 850 HB FULLER ;1;26;26.5
PEGAMENTO APOXY STEEL ;1;26;4.4
PEGAMENTO CONTACTO;16;26;6.3
PEGAMENTO P/ ROSCA 2;1;26;1.85
PEGAMENTO P/MADERA;1;26;4.15
PEGAMENTO PARA PVC 125ML ;1;26;14.5
PEGAMENTO PARA ZAPATAS ;1;26;6.95
PEGAMENTO POWERMIX ;1;26;13
PEGAMENTO PVC ;16;26;26.8
PEGAMENTO PVC LANCO ;1;26;3.25
PEGAMENTO PVC LANCO ;1;26;15.5
PEGAMENTO PVC TANGIT ;1;26;4.25
PEGAMENTO PVC WET DRY LANCO;1;26;32.95
PEGAMENTO Y ENDURECEDOR DE BANDA;1;26;9.25
PEGAMENTOS EPOXICO;1;26;150
PENETRANTE MARCA WD40;1;26;5
PENETRANTE WD;1;26;8
PENETRANTES;1;26;8.5
PERFECT-IT EX PASO ;1;26;3.5
PINTA DE AGUA DES. ;16;26;39.4
PINTA GAS;1;26;1.43
PINTURA ACEITE ;15;26;32
PINTURA ALUMINIO PRIMAVERA;15;26;22
PINTURA AUTOMOTRIZ;15;26;16
PINTURA AUTOMOTRIZ MONO CAPA NEGRO;1;26;6
PINTURA AUTOMOTRIZ PREPARADA;1;26;60
PINTURA B;17;26;10.1
PINTURA BLANCA BASE AGUA ;1;26;26
PINTURA BLANCA DURA B;17;26;6.7
PINTURA BLANCA PROMAVERA;1;26;31.5
PINTURA BLANCO;17;26;70
PINTURA CIL P;1;26;8.7
PINTURA CLASICA ACRILICA CORONA;17;26;113
PINTURA DUCO BLANCO;16;26;12
PINTURA DURA BLANC;1;26;26
PINTURA DURA BLANCO ;17;26;99.75
PINTURA EN AEROSOL,;1;26;2.65
PINTURA ESMALTE NEGRO;16;26;7.75
PINTURA HIGH STANDARD LATEX;1;26;7.6
PINTURA MONOCAPA ;1;26;25
PINTURA MONOCAPA PREPARADA CATERPILLAR;15;26;25
PINTURA NEGRA MONO CAPA SHERWIN;1;26;37.5
PINTURA P/TRAFICO ;15;26;27
PINTURA PARA TRAFICO ACEITE A;1;26;36.25
PINTURA ROJA PARA ALTO TRAFICO;1;26;55
PINTURA SUR ACRILICA ;17;26;32
PINTURA SUR ACRILICA LATEX;15;26;144
PINTURA VINILICA PRIMAVERA;1;26;31.5
PLAGUICIDA MIREX;1;26;2
PROTECTOR ANTIGRAVA NEGRO;1;26;35.15
PUNTURA AUTOMOTRIZ BICAPA;1;26;18.5
QUIMICO REMOVEDOR DE EMULSION;15;26;16.74
RECINA;39;26;3.5
RECINA;20;26;23
RECINA CON CATALIZADOR E;1;26;6.5
REDUCTOR UNIVERSAL;16;26;15
REDUCTOR UNIVERSAL;16;26;60
REDUCTOR UNIVERSAL EXCEL B;1;26;29.6
REDUCTOR UNIVERSAL R8KSA1 EXCELBASEMEDIANO;1;26;38.11
REFRIG. ZXEDRU1;15;26;11.4
REFRIGERANTE;18;26;14.13
REFRIGERANTE;1;26;12.86
REFRIGERANTE 10W30-1L;20;26;6.5
REFRIGERANTE 5W30SYN-5L;15;26;17.89
REFRIGERANTE ABRO;1;26;3.5
REFRIGERANTE ESP;17;26;31.5
REFRIGERANTE ESP. ;15;26;65.17
REFRIGERANTE L-24325;15;26;26
REFRIGERANTE P/ RADIADOR ;1;26;2.25
REFRIGERANTE PARA RADIADOR CATERPILLAR;1;26;112
REFRIGERANTE R-134-A GENETRON;1;26;5
REFRIGERANTE VERDE ABRO;1;26;4
REFRIGERANTE ZEREX;1;26;13.96
REFRIGERANTE ZEREX;1;26;12.86
REMOVEDO;15;26;22.5
RESINA 15;1;26;26.48
RESINA LACA BLANCA 1129 GLN JET;1;26;15
RESINA LACA NITROCELUCOSICA;1;26;17
RINSO;19;26;18
ROLLO TIRRO AUTOMOTRIZ;1;26;3.5
ROYAL BLEACH LEJIA;15;26;70
ROYAL BLEACH LEJIA;2;26;150
ROYAL BLEACH LEJIA;1;26;2.3
ROYAL FLOOR;1;26;7
ROYAL FLOOR DESINFECTANTE P;1;26;40
ROYAL FLUOR:;15;26;14.13
RUBBING COMPOUND SAND BRIGTH;1;26;58.5
SABO DUSTER / AIRE COMPRIMIDO;1;26;14.28
SABO DUSTER/ AIRE COMPRIMIDO;1;26;12
SELLA ROSCA ROJO;1;26;3
SELLADOR JET;1;26;4.96
SELLADOR LIQUIDO;1;26;6.75
SELLADOR LIQUIDO CON COBRE ;1;26;6.75
SELLADOR SILICON MULTIUSOS T;1;26;3.95
SELLADOR SUPER CONC. NITRO;16;26;27.6
SELLADOR SUPER CONCENTRADO;1;26;7.26
SELLADORES P/PIEDRA;1;26;5
SIKA ANTISOL ;1;26;7
SIKA FLEX 1 A GRIS CARTUCHO;1;26;6.9
SILICON 5699;1;26;5.56
SILICON GRIS LOCTITE;1;26;6
SILICON NEGRO PERMATEX;1;26;4.5
SILICON PARA FAN CLUTCH;1;26;15.83
SILICON PERMATEX;1;26;6
SILICONE SISTA ECON SUPER/TRANSP ;1;26;3.75
SILICONE SISTA ECON. SUPER;1;26;3.5
SILICONES PARA SELLAR;1;26;8
SILICONIZAR BLANCO GLN ;1;26;19.5
SM. WALL MASTER ACCENT ;1;26;35
SOBRES CLOMIT;1;26;3
SODA;19;26;90
SOLUCION DE LIMPIEZA A TANQUE PARA DIESEL;1;26;8.85
SOLVENTE MINERAL ;1;26;9.6
SOLVENTE MINERAL.;15;26;27
SOLVENTE MONOCAPA ;16;26;6
SPRAY;1;26;3
SPRAY ALUMINIO PRETUL;1;26;3.5
SPRAY AMARILLO C.3274;1;26;3
SPRAY BOSNY;1;26;5.25
SPRAY CONTACT CLEANER ;1;26;10.11
SPRAY COOPER;1;26;9.5
SPRAY EASY;1;26;3.5
SPRAY ETER ARRANCADOR;1;26;6
SPRAY LIMP CARBURADO;1;26;3.9
SPRAY NEGRO C.2100;1;26;2.25
SPRAY NEGRO MATE TRUPER;1;26;3.5
SPRAY RED FOX FLUORESC ;1;26;4.7
SULFATO DE COBRE;1;26;4.75
SUPER COA;1;26;27
SUPER GLUE;1;26;0.5
SUPER PENETRANTE PERMATEX;1;26;4.5
SUPER PENETRANTE PERMATEX ;1;26;4.5
SUPRA LATEX ACCENT;1;26;123
SUPRA LATEX ACCENT;1;26;28
SUPRA LATEX BLANCO;1;26;29.5
SUPRA LATEX BLANCO VA950-2 CBT;1;26;120
SUPRA LATEX DEEP;1;26;120
THINNER ;15;26;6.5
THINNER ACRILICO GL R7K203;1;26;13.65
THINNER CORRIENTE;1;26;5.95
THINNER INDUSTRIAL;15;26;35
THINNER SIN EMBASE;1;26;4.6
TINTE CEDRO ;39;26;20
TOTAL LATEX;1;26;10
TRANSPARENTE EBT;1;26;69.3
TRICLORO GRANULADO;17;26;12.5
TRICLORO GRANULADO;17;26;104.86
TUBO PERMATEX ;1;26;5.5
ULTRA SOLV #03 REDUCER;16;26;91.63
ZOMPOPICIDA MIREX X;1;26;5
CERA LIQUIDA;7;26;7
CREMA DESENGRASANTE P/MANOS;38;26;3
 NOSTRILA SPRAY NASA;1;27;4.6
ACERTAR;1;27;31.2
ACETAMINOFEN JARABE;1;27;1
ADEMAR C ADULTO;1;27;3.4
ADEMAR C INFANTIL;1;27;3.25
AERO MED COMPOSITUM;1;27;4.09
ALBENDAZOL;1;27;0.14
ALCOHOL;15;27;13
ALERKEM JARABE;1;27;1.5
AMOXICILINA CAPSULAS;1;27;8.5
AMP CLORENIRAMINA MALEATO ;1;27;0.98
ASPIRINA PARA NIÑO;1;27;9
ATENOLOL;1;27;10.43
AZITROPAN;1;27;17.48
BEDOYECTA;1;27;3.3
BETA 2 PAN VIAL;1;27;8.06
BIOMKIM 500 MG/2L;1;27;3.57
BROMURO;1;27;5.6
CALCIO;1;27;4.5
CALOX AMOXICILINA / ACIDO CLAVULANICO 875 MG;1;27;20.97
CALOX AMOXICILINA/ACIDO 400 MG;1;27;14.34
CARBOTUSSIN SOLUCION ORAL;1;27;6.46
CARVEDILOL;1;27;0.52
CEFADROXANATS SUSPENSION;1;27;4.6
CLINDAMICINA;1;27;0.6
CREMA COMBINADA;1;27;2.5
CROMICO;3;27;12
DEXA + DICLOFERN AMPOLLA;1;27;8.95
DISAGASTRIC SUSPENSION;1;27;6.08
DOLOXANIDA;1;27;7.7
ECTOBULL;1;27;30
ESTERMAX;1;27;16.42
ETILIPO;1;27;14.41
FEMEXIN;1;27;3
FERROVITALON PLUS;1;27;4.25
FERRUM;1;27;12.46
FLATULEN GOTAS PEDIATRICAS;1;27;4.33
FLORAMYCES DISPENSADOR;1;27;48.89
FRASCOS DE AMOXICILINA;1;27;2.5
GENTAMICINA GF INY;1;27;1.7
JABON QUIRURGICO;15;27;45
KETOCONAZOL CREMA;1;27;1.75
LEFLOX;1;27;15.2
LEVONORGESTRE;1;27;3.85
LHIVERMECTIN;1;27;30
LOMZOL SUSPENSION;1;27;1.56
LORATADINA;1;27;12
MECLORANAT´S;1;27;4.8
MECLORANATS;1;27;4.8
MEGA PSYLLIUM;1;27;6.51
MELATONINA;1;27;10.96
MICONIL GOTAS;1;27;3.83
MONTELUKAS;1;27;22.4
NAPROXENO;1;27;0.32
NIC CAJA;1;27;9
NIC SUSPENCION;1;27;11.17
NOVULAR SOLUCION INYECTABLE;1;27;4.4
OJO DE AGUILA;1;27;2.35
ORFENAFLEX;1;27;1.92
OTIK GOTAS;1;27;3.05
PENICILINA BENZATINICA;1;27;2.75
POLGYCOLIC;3;27;25
PONTEX SUP NUTRI;1;27;12
QUISTAMEB;1;27;134.43
SALBUTAMOL 100MCG BECLOMETASONA;1;27;6.4
SALBUTAMOL 100MCG INHALADOR;1;27;2.81
SSN;19;27;2.26
SUERO ORAL PROVIT VITAMINADO;1;27;6
SUPERSAN;1;27;3.65
TAB CARBAMAZEPINA;1;27;0.23
TOBRAMICINA;1;27;8.1
TOTALVIT CRECIMIENTO;1;27;2.5
TRISULFA FORTE;1;27;25.92
TRISULFA SUSPENSION;1;27;4.68
TUSIVANZ COMPUEST0;1;27;4.73
VEGINSOL;1;27;10.42
VITALIVER FORTE;1;27;16.51
VITAMINA;1;27;12.01
XICONEUTRA;1;27;8
ZONAKER SOLUCION;1;27;11.18
TUBO;1;28;50
LLANTA;1;28;525
LLANTA 11R22.5;1;28;315
LLANTA 11R22.5 DIRECCIONAL SUNFUL;1;28;178
LLANTA 195R-14 SUMITOMO;1;28;85
LLANTA 205 R14 DUNLOP;1;28;110
LLANTA 245/75/R16 FALKEN;1;28;130
LLANTA 265/65R17;1;28;155
LLANTA 265/65R-17 OVATION;1;28;80
LLANTA 265-65 R17 OVATION;1;28;103
LLANTA 31X10.50 R-15 DUNLO;1;28;156
LLANTA 385/65R22.5 AM15 18PR HANKOOK;1;28;525
LLANTA 7.00R15;1;28;135
LLANTA FIRESTON;1;28;312
LLANTA JK 900-20 14;1;28;290
LLANTA REENCAUCHE;1;28;173
LLANTA REENCAUCHE;1;28;173
LLANTAS 750X15 FIRESTONE CT;14;28;185
PROTECTOR # 15;1;28;11
PROTECTOR DE TUBO;1;28;15.95
PROTECTOR R15 NUEVO;1;28;12
RUEDA DE HULE 200 MM;1;28;14.25
TUBO 12;1;28;52
TUBO 1400X24;1;28;85
TUBO LLANTA 900-20;1;28;22
TUBO NUEVO;1;28;12
TUBO PARA LLANTA RIN 14;1;28;10.95
TUBO PARA LLANTA RIN 15;1;28;13.5
TUBO PARA LLANTA RIN 15;1;28;13.65
TUBO PROTECTOR;1;28;22
TUBOS 700X15;1;28;13
ACEITE;24;29;3.39
ACEITE;25;29;2.5
ACEITE;18;29;43.2
ACEITE 10W30;15;29;26.84
ACEITE 134-A;24;29;8
ACEITE 2 TIEMPOS;15;29;37
ACEITE 2 TIEMPOS STIHL;15;29;37
ACEITE 20W50-1Q;17;29;67.24
ACEITE 25W60-1Q;17;29;69.42
ACEITE 2T-1/4;16;29;3.77
ACEITE 3 EN 1;1;29;2
ACEITE 50-1Q;17;29;72.62
ACEITE 80W90-1Q;17;29;72.89
ACEITE 85W140-1Q;17;29;67.24
ACEITE ATF-1Q;17;29;70.6
ACEITE CASTROL;17;29;86
ACEITE CASTROL;15;29;23.63
ACEITE CASTROL PARA MOTOR 15W-40;15;29;23.63
ACEITE ESP. 80W90-LSD;16;29;9.62
ACEITE ESP. P/ CORONA;16;29;9.61
ACEITE ESP. TRANS-HD50;17;29;113
ACEITE FUERA DE BORDA;16;29;9.54
ACEITE GEO 100;24;29;12
ACEITE HIDRAULICO;17;29;50
ACEITE ISO68 MOBIL;17;29;78
ACEITE MOBIL CM-10W30;16;29;6.67
ACEITE MOBIL MB-15W40-1Q;17;29;89.42
ACEITE MOBIL P/ MOTOR;17;29;79
ACEITE MOBIL SAE 40;17;29;87
ACEITE MOTUL;20;29;10.68
ACEITE MOTUL;18;29;58.17
ACEITE MOTUL;20;29;9.53
ACEITE P/ CAJA;16;29;31.45
ACEITE P/ CORONA;17;29;73
ACEITE P/COMPRESOR;1;29;4.75
ACEITE P/MEZCLA MOTOSIERRA;1;29;4.35
ACEITE PARA MOTOR;1;29;25
ACEITE PARA MOTOR TC-W;1;29;5.75
ACEITE PENETRANTE;38;29;6
ACEITE POWER;16;29;7.59
ACEITE QC-HIDRA;17;29;55.49
ACEITE QC-HIDRA;17;29;55.49
ACEITE STIHL PERA MEZCLAR 5 GL;1;29;4.4
ACEITES HIDRAULICO;1;29;68.22
ADITIVO PARA ACEITE;1;29;10
16 DE ACEITE P/ MOTOR;16;29;4.99
DE ACEITE MOBI;27;29;875
DELVAC 1300;15;29;26
GRASA;6;29;4.29
GRASA;41;29;4
GRASA MOBIL RONEX;17;29;99
GRASA P/ FLECHA;6;29;3.83
GRASA RONEX;1;29;3.65
GRASA SINTETICA;6;29;5.88
LIQUIDO;24;29;3.15
LIQUIDO DE FRENO ABRO;1;29;8
LIQUIDO DE FRENO WAGNER;20;29;8
LIQUIDO DE FRENOS;1;29;7.45
LIQUIDO FC-85801;16;29;7.48
LUBRICANTE DE LINEA 3/4;1;29;119.41
LUBRICANTE WD-40;1;29;4.2
LUBRICANTE WD-D40;1;29;6
MOBIL 46 NUTO ;27;29;785
MOBIL GEAR 600 XP 100 ;27;29;910
MOBIL GEAR 600 XP 220;17;29;104
MOBIL NUTO H32 ;17;29;81.86
MOBIL OUTBOARD;16;29;10
MOVIL DELVAC F2;1;29;80
NUTO H 68 ;27;29;689.3
ARENA;42;30;13.18
BENTONITA;19;30;11.15
BLOCK 15X20X40 SALTEX GRIS;1;30;0.6
BLOCK 20X20X40 SALTEX GRIS;1;30;0.9
BLOCK MITAD 15X20X40 SALTEX GRIS;1;30;0.39
CAL HIDRATADA;19;30;2.6
CEMENTO 5000;19;30;8.25
CEMENTO PORTLAND;19;30;7.45
CERAMICA;42;30;8.95
DECOBLOCK 40 KG;19;30;8.5
GRAVA;42;30;60
LADRILLO;1;30;0.34
LOSETAS;1;30;2.25
PEGAMIX 20 KG;19;30;3.5
POSTES DE CONCRETO;1;30;320
TEJAS ARABE;1;30;0.67
TABLAYESO 4X8 PIES 12 MM;1;30;7.4
VIDRIO DE PTA;1;30;50.85
VIDRIO PARABRISAS;1;30;79.1
VIDRIO TRAS;1;30;50.85
ABRAZADERAS S/FIN 1 1/2;1;31;0.4
ABRAZADERA D/ MANGUERA;1;31;8
ABRAZADERA D/ MANGUERA;1;31;8
ABRAZADERA DE AM-2;1;31;0.92
ABRAZADERA SIN FIN 20-19-44MM;1;31;0.8
ABRAZADERA SIN FIN 56 AB-20;1;31;1.1
ALAMBRE HG #16;6;31;1.2
ANGULOS 1/4X3;1;31;40.11
ANILLO HG 1/2;1;31;0.6
ARANDELA 4K-0684 ;1;31;6.23
ARANDELA P/ PUNT;1;31;1.92
ARANDELA P-5/16;1;31;0.05
ARANDELA P7 LEVA FRENO;1;31;0.5
ARANDELA PLANA 1;1;31;0.3
ARANDELA PLANA M12;1;31;0.15
ARANDELA PRESIÓN;1;31;0.2
ARANDELA PLANA;1;31;0.4
ARANDELAS;1;31;1.13
ARANDELAS P/INY. ORIG;1;31;1.53
ARANDELAS PLANAS;1;31;0.09
ARAP 3/8 ARANDELA DE PRESION;1;31;0.12
BRONCE FOSFORICO DE 1 PULG;28;31;18
CAÑO HG 1/2 ;1;31;15
CAÑO NEGRO DE 4 PULG.;1;31;67
CAÑOS HG CH #16 DE 4 X 6M;1;31;38
CAÑO GALV. LISO 4 CH 16-1;1;31;31.11
CAÑO GALV. LISO 11/2 CH 16-1.;1;31;12.58
CAÑO GALV. LISO 2 CH 16-1;1;31;15.02
CAÑO GALV. LISO 2 1/2 CH 16-1.;1;31;19.92
CAÑO GALVANIZADO 1/2 C/R;1;31;15
CAÑO GALVANIADO MEDIANO 1/2 CON ROSCA.;1;31;13.6
CLAVO CON CABEZA 1 PLG;6;31;1.25
CLAVO CON CABEZA 2 PLG;6;31;0.86
CLAVO CON CABEZA 3 PLG;6;31;0.75
CLAVO CON CABEZA 4 PLG;6;31;0.75
CLAVO CON CABEZA 5 PLG;6;31;0.75
CHORRO 1/2 USA;1;31;6.9
CODO HG 90° 1/2;1;31;0.6
CODO MACHO Y MACHO;1;31;5.95
CODO MACHO Y MACHO NPT;1;31;5.95
CODO GALVANIZADO 90 ° 1/2.;1;31;0.6
BISAGRA DOBLE;1;31;0.5
BISAGRA DOBLE 2 PULG;1;31;0.35
HIERRO DE 1/2;29;31;56
LAMINA DE HIERRO 1/8 B/N 2X1 MT;1;31;54.61
LAMINA CANAL TERNIUM(ZIN) 28X3X1;1;31;6.65
LAMINA DE 1 PULG;30;31;135.6
LAMINA XAR 400 DE 10MM (0.50CMSX0.40CMS);30;31;84.75
LAMINA XAR 400 DE 10MM ( 1.60MTSX1MTS);30;31;678
LAMINA CARBURADA DE 1/2 (2MTSX1MTS);30;31;1333.4
LAMINA CARBURADA DE 3/4 (0.5MTSX1MTS;30;31;649.75
LAMINA DE HIERRO 1/16 1.40 2X1 MTS.;1;31;36
LAMINA DE ACERO ANTIDESGASTE XAR-200 DE 12MM (1/2) X 1 METRO X 2 METROS.;1;31;771
LAMINA DE ACERO ANTIDESGASTE XAR-200 DE 20MM (3/4) X 1 METRO X 2 METROS.;1;31;1290
MALLA CICLON 9X72;31;31;5.19
NIPLE HG 1X6;1;31;1.35
NIPLE CODO;1;31;2.95
NIPLE CONECTOR DE BALONA;1;31;3.75
NIPLE DE 1/4 TAPÓN;1;31;1.25
NIPLE DE 1/8;1;31;0.71
NIPLE MACHO 4.2;1;31;8
NIPLE PARA TUBERIA FRENO;1;31;2
NIPLE REDUCTOR;1;31;4.86
NIPLE GALVANIZADO 1X6 47534;1;31;1.35
TUERCA) 6F-7522;1;31;51.62
PERNO;1;31;0.85
PERNO 1J-6775 ;1;31;56.03
PERNO 7X-2563;1;31;9.02
PERNO DE RETORNO;1;31;13.56
PERNO ESTUFA;1;31;0.29
PERNO HEX 10*90*150;1;31;1.25
PERNO HEX R/O;1;31;9.5
PERNO HEX R/O GRADO;1;31;5.9
PERNO MILIMÉTRICO;1;31;0.35
PERNO MM;1;31;3.25
PERNO MM 8;1;31;0.6
PERNO MM 8X35;1;31;0.45
PERNO P/ BARRA;1;31;11.49
PERNO P-12X4;1;31;1.1
PERNOS CABEZA CUADRAD;1;31;0.6
PERNOS EXA M12;1;31;1.1
PERNOS ORIG. P/ CALIPER;1;31;15.2
PERNOS PER-6X20;1;31;0.14
PLATINAS 1/4X4;1;31;29.57
REMACHE POP;1;31;0.02
REDUCTOR 120-64;1;31;3
REDUCTOR 3/8;1;31;2.5
REDUCTOR MACHO HEMBRA;1;31;5.4
TEE HG 1/2;1;31;1.5
TE NIPLE;1;31;6.58
TORNILLO ESTUFA 6 X 12 MM;1;31;0.35
TORNILLO LÁMINA CABEZA AVELLANADA PHILLIPS GALVANIZADO 8 X 1/2 PLG;1;31;0.01
TORNILLO LÁMINA GALVANIZADO 10 X 3/4 PLG;1;31;0.04
TORNILLO;1;31;0.02
TORNILLO P/DURPANEL 4X30;32;31;0.87
TORNILLO PARED SECA NEGRO 6 X 3/4 PLG;1;31;0.01
TORNILLO PRISIONERO SET 10;33;31;9.94
TORNILLOS AUTORROSCANTE PARA LAMINA ZINT. 1 1/2X12;1;31;0.06
TORNILLO AUTORROSCANTE P/ZINT. LM/POLIN 1X12;1;31;0.04
TUBO CUDRADO 1/2;42;31;4
TUE-1/4 TUERCA;1;31;0.07
TUERCA;1;31;0.5
TUERCA 1 G8;1;31;1.9
TUERCA 3/4 RO GRADO 8;1;31;0.81
TUERCA 8T-4131;1;31;4.13
TUERCA CROMADA P/ ESP;1;31;1.3
TUERCA HEX R/O;1;31;1.4
TUERCA IZQUIERDA;1;31;0.99
TUERCA MILIMETRICA;1;31;1.59
TUERCA MM P/1.00 6MM;1;31;0.1
TUERCAS EXA M12;1;31;0.2
TUERCAS T-12;1;31;0.29
UNION UNIVERSAL HG 1/2;1;31;3.25
VALVULA BOLA ITALY 1/2;1;31;4.5
VALVULA DE BOLA ITALI;1;31;34.25
VALVULA DE BOLA ITALI;1;31;4.75
VALVULA CHECK VGRAS 27;1;31;5.05
VALVULA DE ESFERA ESRO-1/4;1;31;3.75
VALVULA DE ESFERA, DE LATON;1;31;8.5
VALVULAS;1;31;28.82
VALVULA P/LIBRE;1;31;7.25
VARILLAS DE ACERO PLATA;1;31;2
MANGO DE LUMINIO 1.5 MTS;1;31;12
LIBRA DE ALAMBRE GALVANIZADO CAL. 16;1;31;0.85
AGUJA CROMADA;1;32;1
ALGODON;1;32;4.52
CAJA DE CATETER;1;32;22.5
CAJAS DE BAJA LENGUA;1;32;2.09
CAJAS DE BISTUR;1;32;11
CAJAS DE GUANTES;1;32;6.22
CAJAS DE GUANTES ESTERILES;1;32;22
CAJAS DE JERINGA DE 5 ML;1;32;8
CAJAS DE JERINGAS DE 3 ML;1;32;6.5
CATETER;1;32;0.5
DOCENAS DE VENDAS;1;32;6
GASA;1;32;35
JERINGA 20;1;32;13
JERINGA DESCARTABLE;1;32;1.25
ALMOHADILLA;1;33;1.01
ALMOHADILLA #1 METALICA;1;33;1.65
ALMOHADILLA KW;1;33;1.33
ALMOHADILLA # 00;1;33;1.35
ARCHIVADOR DE ACORDEON;1;33;1.65
ARGANIZADOR DE LAPICEROS;1;33;1.25
BANDAS DE HULE;1;33;3
BINDER CLIPS;3;33;3.6
BOLIGRAFO 0.7;1;33;0.3
BOLIGRAFO 1.0 INK JOY;1;33;0.35
BOLIGRAFO BIC;1;33;0.16
BOLIGRAFO KILOMETRICO;1;33;0.12
BOLIGRAFO KILOMETRICO;1;33;0.4
BOLIGRAFO P.M;1;33;0.13
BOLIGRAFO PILOT;1;33;0.25
BOLIGRAFO ULTRA BOLIK;1;33;0.15
BOLIGRAFO ULTRA FINO;1;33;1.8
BORRADOR ARTLINE;1;33;0.25
BORRADOR DE CAÑUELA;1;33;2.65
BORRADOR DE CAÑUELA Y REPUESTO;1;33;2.7
BORRADOR PARA GRAFITO;1;33;0.75
BORRADOR PARA GRAFITO ;1;33;0.25
BORRADOR STAEDTLER;1;33;0.4
BOTE DE SILICON 250 ML;1;33;2.5
CALCULADORA 12 DIGITOS;1;33;6.5
CALCULADORA CIENCIFICA 991;1;33;28.5
CALCULADORA CIENTIFICA;1;33;12
CINTA ADHESIVA 500;1;33;0.4
CINTA ADHESIVA 600;1;33;1.35
CINTA ADHESIVA MAGICA;1;33;2.3
CINTA ADHESVA 3M;1;33;1.25
CINTA DE EMPAQUE 3M;1;33;0.55
CINTA DE EMPAQUE ULTRA RESISTENTE;1;33;1.15
CINTA DOBLE CARRETE;1;33;3.25
CINTA MAGICA 3M;1;33;1.25
CINTA PARA CONTOMETRO;1;33;3.5
CINTA PARA MONTAJE 3M;1;33;3.5
CINTA SCOTCH;1;33;3
CINTAS ANCHAS;1;33;0.7
CLASIFICADOR MESH TRIPLE;1;33;13
CLIP JUMBO METALICO 50MM;3;33;0.7
CLIP # 2 JUMBO;1;33;0.49
CLIP # 3 METALICO AOS;1;33;0.17
CLIP #1 AOS;1;33;0.33
CLIP #1 METALICO;1;33;0.19
CLIP #2 JUMBO DE COLORES;1;33;0.55
CLIP BINDER;1;33;0.18
CLIP BINDER 1 5/8 38MM;1;33;0.08
CLIP BINDER 2 PULG;1;33;0.15
CLIP BINDER 3/7;1;33;0.04
COLORES 12 LARGOS;1;33;0.9
CORRECTOR PAPER MATE;1;33;1
CORRECTOR SECO;1;33;1.35
CORRECTOR SECO ARTLINE;1;33;1.25
CORRECTOR SECO MINI ROLLER;1;33;1.35
CORRECTOR TIPO LAPIZ;1;33;1
CRAYOLA TRIANGULAR;1;33;0.9
CUCHILLA PEQUEÑA;1;33;1.45
CUENTA FACIL;1;33;0.73
DISPENSADOR 3M;1;33;3.75
DISPENSADOR C-38;1;33;3.6
DISPENSADOR PARA CINTA;1;33;2.3
ENGRAPADORA;1;33;15
ENGRAPADORA BOSTIRCH;1;33;5
ENGRAPADORA SWINGLINE;1;33;9.5
ENGRAPADORA SWINGLINE 747;1;33;10.5
ENGRAPADORA TIPO TENAZA;1;33;6.5
ENGRAPADORA TIRA COMPLETA;1;33;6.4
ESCALIMETRO;1;33;2.25
ESCALIMETRO MARS DIVISION;1;33;5.5
FASTENER;3;33;1.65
FASTENER CON REVESTIMENTO C-50;1;33;3.99
FASTENER METALICO;1;33;0.8
FASTENER PLASTICO;1;33;1.25
FATENER CON REVESTIMENTO;1;33;4.5
FECHADOR AOS;1;33;0.65
FOLDER DE MANILA;1;33;0.6
FOLDER PLAST T/C LEITZ;1;33;7.9
FOMI 60X90CM;1;33;0.8
GRAPA INDUSTRIA;1;33;1.75
GRAPA KW;1;33;0.25
GRAPA STANDARD;3;33;1.15
GRAPA STANDARD AOS;1;33;0.6
GRAPA STANDARD AOS;1;33;0.65
GRAPA STANDARD BOSTITCH;1;33;1.13
GRAPA STANDARD CJA;1;33;1.3
GUILLOTINA;1;33;55
LAPICEROS;3;33;1.6
LAPICEROS   PUNTA FINA;1;33;0.6
LAPIZ;3;33;1.6
LAPIZ DE CERA;1;33;0.45
LAPIZ DE CERA PELIKAN;1;33;0.75
LAPIZ DE GRAFITO NORICA;1;33;0.13
LAPIZ DE GRAFITO STAEDTLER;1;33;0.11
LAPIZ DE GRAFITO TRIANGULAR MONGOL;1;33;0.19
LAPIZ FACELA;1;33;0.2
MARCADOR ARTLINE;1;33;0.51
MARCADOR FLUORECENTE;1;33;0.85
MARCADORES;1;33;0.66
MINA 0.5MM HB;1;33;3.6
MINA 0.7MM;1;33;0.85
OJETE BEIFA;1;33;2.25
OJETES;1;33;2.25
ORGANIZADOR DE ESCRITORIO;1;33;20
ORGANIZADOR METALICO DE CAJON;1;33;14.5
PAPELERA ACRILICA;1;33;11.5
PAPELERA ACRILICA 3 NIVELES;1;33;18
PAPELERA METALICA;1;33;18
PAPELERA METALICA 3 NIVELES;1;33;18.5
PAPER CLIPS 50MM;1;33;0.33
PAPER MATE;1;33;0.99
PEGAMENTO ARTIPEGA;1;33;0.89
PEGAMENTO ARTIS;1;33;9.5
PEGAMENTO BLANCO 500 ML;1;33;3.15
PEGAMENTO BLANCO 750;1;33;15
PEGAMENTO BLANCO ESCOLAR;1;33;0.89
PEGAMENTO EN BARRA;1;33;0.69
PEGAMENTO EN BARRA ARTLINE;1;33;1.25
PERFORADOR 2 ORIFICIOS;1;33;5.5
PERFORADOR 3 ORIFICIOS;1;33;7
PERFORADOR INDUSTRIAL 70 HOJAS ;1;33;13
PERFORADOR MEDIANO;1;33;3.75
PERFORADOR 1 ORIFICIO ;1;33;1.95
PLASTICO PARA PALETIZAR;34;33;8
PLIEGOS DE FOMI;1;33;0.97
PLUMON DOBLE PUNTA;1;33;1.15
PLUMON PARA PIZARRA;1;33;0.75
PLUMON PERMANENTE;1;33;0.55
PLUMON PERMANENTE SHARPIE;1;33;1.35
PLUMONES  ARTLINE NORMALES ;1;33;0.66
PORTA CLIPS CON IMAN;1;33;1.5
PORTAMINA;1;33;0.3
PORTAMINA 0.5 MM;1;33;2.95
 PORTA LAPIZ DE MALLA (DEPOSITO);1;33;2
PROTECTOR PARA HOJA;1;33;0.04
MARCADOR FLUORESCENTE ;1;33;0.55
RACKY FINGER;1;33;0.9
REGLA METALICA 30CM;1;33;1.25
REGLA PLASTICA;1;33;0.45
REGLA PLASTICA 30CM TRANSPARENTE;1;33;1
REGLA PLASTICA AOS;1;33;0.12
REPUESTO PARA BORRADOR;1;33;0.7
REPUESTOS PARA BORRADOR DE CAÑUELA;1;33;3.15
RESISTOL / PEGAMENTO PEGAPRONTO;1;33;2.1
REVISTERO IBEX;1;33;6
REVISTERO TIPO MALLA METALICO;1;33;5
SACA GRAPA AOS;1;33;1
SACAGRAPA;1;33;0.3
SACAPUNTA CON DEPOSITO PELIKAN ;1;33;1.3
SACAPUNTA ELECTRICA;1;33;25
SACAPUNTA METALICA AOS;1;33;0.09
SACAPUNTA METALICA MAPED;1;33;0.95
SACAPUNTA METALICA MOR;1;33;0.1
SACAPUNTA QUICK;1;33;0.7
SCOTH DE 3/;1;33;0.45
SELLO TRODAT 4933 CAJA;1;33;9.8
SELLOS TRODAT 4630;1;33;10.18
SELLOS TRODAT 4929 FIRMA;1;33;13.44
SILICON EN BARRA DELGADO;1;33;0.12
SILICON LIQUIDO 250 ML;1;33;2.65
SILICON LIQUIDO AOS;1;33;1.75
SOBRE PLASTICO VERTICA;1;33;0.55
SOBRE PLASTICO VERTICAL T/C;1;33;0.75
TABLA DE ALUMINIO C/CLIP  T/C;1;33;12
TABLA DE ALUMINIO C/CLIP  T/O;1;33;14
TABLA DE MADERA;1;33;6.5
TACHUELA;1;33;0.55
TACKY FINGER;1;33;0.55
TARJETERO 4400 CAPACIDAD;1;33;5.5
TIJERA 7 PULG;1;33;1.75
TIJERA 8 PULG;1;33;2.3
TIJERA AOS;1;33;0.75
TIJERA ERGONOMICA METALICA;1;33;1.35
TIJERA PARA CORTAR PAPEL;1;33;1
TINTA PARA ALMOHADILLA;1;33;0.9
TINTA PARA ALMOHADILLA ARTLINE;1;33;1.13
TINTA PARA NUMERADORA;1;33;3.15
TINTAS L PARA ALMOHADILLA;1;33;1.2
TIRRO 2 X 30 YDAS;1;33;1.35
TIRRO 2X30 YDS AOS;1;33;0.8
TIRRO 3/4;1;33;0.55
TIRRO 3/4 HYSTICK;1;33;2.25
TIRRO 3M;1;33;2.15
TIRRO BLUE BOLD;1;33;1
TIRROS;1;33;2.15
ADAPTADORES PARA UNIR CABLE;1;34;7
BOBINAS DE CABLE VTP;1;34;158.2
BOTELLA DE TINTA EPSON # 664;1;34;12.25
BOTELLA DE TINTA PARA EPSON L3110/3150/5190- NEGRO;1;34;11.92
BOTELLA DE TINTA PARA EPSON L3110/3150/5190- COLOR;1;34;11.92
CABLE CONVERTIDOR;1;34;35
CABLE DE COMUNICACION;1;34;55
CABLE HDMI;1;34;17.72
CABLE RJ45 3 PIES;1;34;4.45
CABLE RJ45 50 PIES;1;34;17.25
CABLE UTP CAT5;1;34;0.48
CARTUCHO  WORKFORCE;1;34;78.25
CARTUCHO CANON CL-54XL;1;34;29.85
CARTUCHO CANON PG-44;1;34;24.75
CARTUCHO CL146 CANON;1;34;14.87
CARTUCHO DE TINTA CANON 210;1;34;23.75
CARTUCHO DE TINTA CANON 211;1;34;25.75
CARTUCHO HP;1;34;59.95
CARTUCHO HP NEGRO;1;34;69.99
CARTUCHO NEGRO PARA WORKFORCE;1;34;61.3
CARTUCHO COLOR PARA WORKFORCE;1;34;78.25
CARTUCHO PG145 CANON;1;34;19.2
CARTUCHO PG210 CANON;1;34;32.61
CARTUCHOS EPSON;1;34;19.75
CCARTUCHO CL211 CANON;1;34;31.61
CD-R 52X 700 MB;1;34;0.4
CD-R GRABABLE;1;34;0.9
CINTA DE IMPRESIÓN MAGICARD;1;34;115
CINTA EPSON LX 890;1;34;11
CINTA EPSON S015337;1;34;15
CINTAS EPSON LX 350;1;34;8.75
CINTAS EPSON PARA 890;1;34;18.26
CONECTOR NEXXT;1;34;0.43
DISCO DURO PORTÁTIL 2TB;1;34;143.65
DOCKING STATION STARTECH;1;34;340
DVD R 4.7 GB 120 MIN;1;34;0.5
DYE FILMAD CLEANING SPOOL MAGICARD;1;34;149.95
EPSON M105/M205;39;34;24.18
FIBRA ÓPTICA 6 HILOS;42;34;1.13
KINGSTON MEMORIA USB;1;34;1
KIT DE TINTA EPSON;1;34;300
KIT DE TINTAS;1;34;54
MANTENIMIENTO PARA WORKFORCE;3;34;25
MEMORIA KINGSTON 32GB;1;34;19.75
MEMORIA KINGSTON 8 GB USB;1;34;12.95
MEMORIA KINSTON DTSE9H/16GB;1;34;12.75
MEMORIA USB 16 GB KINGSTON;1;34;7.9
MEMORIA USB 16HP ;1;34;14.95
MEMORIA USB 4GB KINGSTON;1;34;6
MINI HUB USB BELKIN;1;34;33.6
MOUSE INALAMBRICO;1;34;24.5
MOUSE LOGITECH WIRELESS;1;34;28.87
MOUSE MCIROSFOT;1;34;29.66
MOUSE PAD;1;34;15
MOUSE USB;1;34;9.5
PAD AOS;1;34;3
PAD PARA MOUSE ETOUCH;1;34;6.5
PATCH CORD DE LONGITUD 3 PIES;1;34;4.25
SUMINISTRO DE ALTO RENDIMIENTO;1;34;11.9
TECLADO LOGITECH;1;34;8.25
TECLADOS;1;34;25
TESTER RED;1;34;58.9
TINTA BOTES EPSON ;1;34;12.5
TINTA CANON;39;34;11.5
TINTA CANON CL-SAXL;1;34;18.8
TINTA CANON PG-210 BLACK;1;34;23.7
TINTA CANON CL-211 TRICOLOR;1;34;27.6
TINTA CANON PG-44XL BLACK;1;34;32.15
TINTA CANON CL-54XL TRICOLOR;1;34;23.75
TINTA EPSON;1;34;16.5
TINTA EPSON # 788XL;1;34;35
TINTA EPSON 38 ML;1;34;63.5
TINTA EPSON 664;1;34;12.99
TINTA EPSON R04L22A;1;34;51
TINTA EPSON R04X12A;1;34;72.5
TINTA EPSON T942 BLACK;1;34;58.75
TINTA EPSON T941 COLOR;1;34;53.7
TINTA IEPS-TLL4120BK ;1;34;14.65
TINTA JUEGO EPSON;1;34;50
TINTA NEGRA 100ML P/ EPSO;1;34;48
TINTA PARA EPSON L200;39;34;11.36
TINTA PARA IMPRESOR EPSON L380;1;34;10.25
TINTA PARA IMPRESORA EPSON;1;34;19.95
TINTA PARA SUBLIMACION;1;34;25.5
TINTA T664 EPSON;11;34;64
TINTAS COLOR PG;1;34;15
TINTAS DE COLOR CL;1;34;19
TONER;1;34;48.5
TONER 202A;1;34;96.33
TONER 80XD HP;1;34;198.53
TONER CART HC;1;34;250.35
TONER CARTRIDGE;1;34;160.48
TONER HP # 201X BLACK;1;34;97.75
TONER HP # 410A NEGRO ;1;34;120.58
TONER HP # 410A COLOR ;1;34;143.95
TONER HP # 80X;1;34;188
TONER HP #87A;1;34;229.8
TONER HP 201A;1;34;119.5
TONER HP 87A BK CF287A;1;34;259.95
TONER HP LASERJET 05 CE 505XD;1;34;386.95
TONER HP LASERJET 55X;1;34;293.25
TONER KROCERA TN -118;1;34;94.75
TONER KYOCERA TK3102;1;34;135.6
TONER NEGRO 05X;1;34;199.95
TONER SAMSUNG;1;34;77.74
TONER TK-3102;1;34;90
TONER XEROX B 605;1;34;188.25
TONER TN-323;1;34;80
TONOR HICAPDMO B7;1;34;148.61
UNION P/RJ45;1;34;6.17
LIBROS;1;35;6
PERIÓDICOS;3;35;5
REVISTAS;3;35;4
FOLLETOS;1;35;5
ESCOPETAS MARCA UZKON;1;36;1000
MUNICION CALIBRE 12 7 1/2;3;36;21
MUNICION CALIBRE 1200;3;36;15
MUNICION CALIBRE 40;3;36;70
PISTOLA MARCA SMITH & WESSON MODELO SD9VE;1;36;700
ACCESORIO P/TANQUE SANITARIO;1;37;5.25
ACOPLE 016016;1;37;18
ACOPLE 050900;1;37;22
ACOPLE 10643-12-12;1;37;14
ACOPLE 11343-08-08 MACHO;1;37;17
ACOPLE E 3 039 E300;1;37;23.25
ACOPLE ESPIGA HEMBRA;1;37;8
ACOPLE F Y CONECTORES DE LATON;11;37;13.5
ACOPLE HEMBRA GIRATORIA;1;37;28
ACOPLE HEMBRA NPT;1;37;25
ACOPLE HIDRAULICO HEMBRA;1;37;13
ACOPLE MACHO;1;37;15
ACOPLE P/ MANG HEMBRA;1;37;15
ACOPLES HEMBRA;1;37;5
ADAPT. MANG. P/ PUNTA DEWALT;1;37;3.75
ALAMBRE DE INSTALACION;31;37;0.55
ALMÁDANA 2 LIBRAS CON MANGO FIBRA DE VIDRIO;1;37;6.5
AMORTIGUADOR DELANTERO;1;37;60.07
AMORTIGUADORES ;14;37;226
AMORTIGUADORES DEL U3768;1;37;97.7
AMORTIGUADORES TRAS;1;37;48
AMPOLLETA DE AIRE;1;37;12.94
AMPOLLETAS  DE ACEITE PARA NISSAN;1;37;10
ANILLOS 23307 STD;11;37;87.52
ANILLOS STANDAR (22R;1;37;40
ANILLOS TOY  21;1;37;75
APUCHON PARA CULATA DT466E;1;37;17
ARO P/ SILVIN;1;37;16.95
ARRANCADOR 9-13 A;1;37;74.9
ASIENTO DE RESORTE;1;37;10.06
ASPAS;1;37;5.65
BALANCÍN DE ADMISIÓN;1;37;12.1
BALERO;1;37;8
BALERO C/ SEG;1;37;26.6
BALERO CON CUNA PIÑON;1;37;123.2
BALERO CON SELLO DE HULE;1;37;6.5
BALERO CON SELLO DE HULE;1;37;4.75
BALERO DE AGUJA;1;37;18.08
BALERO DE CAJA DE PIÑON;1;37;38.39
BALERO DE CAJA DOBLE;1;37;132.46
BALERO DE CARDAN;1;37;58.37
BALERO DE COLLARIN;1;37;138.25
BALERO DE CORONA;1;37;42.99
BALERO DE CORONA ROCKWEL;1;37;68.6
BALERO DE PILOTO;1;37;9.65
BALERO DE PUNTA DE PILOTO;1;37;60
BALERO LATERAL DE CORONA;1;37;71.4
BALERO P/ CAJA;1;37;18.92
BALERO P/ COMPRESOR;1;37;18.68
BALERO P/ FLECHA;1;37;15.62
BALEROS ;1;37;15
BALEROS BUFA;1;37;20.81
BALEROS DE CARDAN;1;37;61.43
BALONA ;1;37;0.2
BANDA 124 5/8 SIERRAS;1;37;14.13
BASE DER. P/ SILVIN;1;37;12.27
BOBINA;1;37;76.84
BOLSA DE AIRE CORTA P/ CABINA;1;37;49.81
BOMBA ACHICADORA;1;37;418
BOMBA CENTRAL FRENOS;1;37;141.91
BOMBA DE ACEITE;1;37;188.25
BOMBA DE ACEITE 15010-43G04;1;37;78.53
BOMBA PARA DIRECCIÓN HIDRÁULICA;1;37;365
BOQUILLA 6290-1NX P/ CORTAR;1;37;18.9
BOTON DE FASE;1;37;34.58
BRAZO PITMAN;1;37;54.25
BRAZO PITMAN;1;37;45
BROCA DE ALTA VELOCIDAD BAV 13/64;1;37;1.7
BROCA DE ALTA VELOCIDAD BAV-5/8;1;37;18.15
BROCA P/HIERRO TRUPER;1;37;0.75
BROCA TITANIUM;1;37;13.95
BROCA TITANIUM 1/2;1;37;25.1
BROCA TITANIUM 1/4;1;37;5.8
BROCA TITANIUM 1/8;1;37;4.75
BROCA TITANIUM 3/16;1;37;3.6
BROCA TITANIUM 3/8;1;37;13.95
BUJE ADAPTADOR LATERAL;1;37;34.5
BUJE ADAPTADOR LATERAL;1;37;34.5
BUJE CENTRAL ORIG. SUSP. HENDRICKSON;1;37;125
BUJE CENTRAL ORIGINA;1;37;125
BUJE P/ PIERNA ORIG. SUSP. HENDRIKSON;1;37;58.2
BUJE P/ PIERNA ORIGINA;1;37;58.2
BUJE P/ PIN HOJA HENDRICKSON;1;37;11.4
BUJE P/ PIN HOJA HENDRIKSON/;1;37;11.5
BUJE P/ TENSORA ESPECIAL;1;37;59
BUJE PARA TENSORA;1;37;36.85
BUJES DE BIELA PB-1194;11;37;16.62
BUJES MR-5143;1;37;19.16
BUJES ORIG. P7 TIJ;1;37;34.92
BUJIAS;1;37;3
BUJIAS BPR5ES;1;37;2.23
BUSHING;1;37;9.04
CABLE DE EMERGENCIA;1;37;15.25
CABLE DE MOTONIVELADORA;1;37;339
CABLE HOOD;1;37;12.58
CABLE PARA BUJIAS;1;37;18
CABLE PASA CORRIENTE DE BATERIA;1;37;4.5
CABLE VELOCIMETRO ORIG;1;37;131.67
CAMARA D/ FRENO;1;37;22.75
CAMISA HEMBRA;1;37;1.15
CAMISAS 11012-43G10;11;37;114.58
CANDELA ORIG;1;37;61.7
CANDELAS PZ-39;1;37;11.16
CANGREJA SURTEK C/FORRO;1;37;13.06
CAÑUELA DE PARABRISA;1;37;22.6
CAPO P/ TOY;1;37;112.49
CAPUCHON IZQUIERDO;1;37;2
CARBON ARRANQUE HILUX;11;37;15.68
CARBON PARA D28111;1;37;11.55
CARBONES PARA FREIGHTLINER;11;37;16.63
CARDA DE COPA CT608 ;1;37;5.78
CARDAN COMPLETO TRACERO;1;37;452
CARRETE P/ PIÑON 16913A;1;37;47.25
CARRETE PIÑON PARA CAJA;1;37;25.35
CASQUETES;11;37;29.78
CAUTIN, TIPO LAPIZ CAU-300X;1;37;46.55
CELECT INJ 3411756RX;1;37;362.46
CENTRO DE ALTA PRESIÓN;1;37;6
CEPILLO CILINDRICO;1;37;150
CEPILLO METALICO;1;37;40
CHAPA PARA GABETA;1;37;3.2
CHAPA YALE ITALIANA;1;37;19
CHISPERO REDONDO.;1;37;3.25
CHUMACERA COMPLETA;1;37;169.95
CINCEL PLANO 15/16X23/32X12 PLG;1;37;3.45
CINCEL PLANO 7/8X5/8X10 PLG;1;37;2.75
CINCRONIZADORES PARA CAJA;1;37;337.5
CINTA METRICA 100 MTS TRUPER;1;37;35
CINTA METRICA 8MTS;1;37;19.3
CINTA METRICA STANLEY;1;37;19.3
CINTA STANLEY GLOBAL;1;37;12.25
COLLARIN;1;37;65
COMPUTADORA PARA VEHÍCULO;1;37;900
CONTACTO DE ARRANQUE;1;37;3
CONTACTO DE ARRANQUE TYT HILUX;1;37;1.35
CONTACTO DE SELENOIDE;1;37;10.13
CORONA DELANTERA;1;37;800
CORONA DELANTERA Y CORONA TRASERA;1;37;2034
CORREA DENTADA;1;37;16.95
CREMALLERA COMPL. DIRECCION;1;37;452
CRUCETA DE CARDAN MIXTA;1;37;23.35
CRUCETA P/ CARDAN;1;37;29.7
CRUCETA P/CARDAN MIXTA;1;37;29.79
CRUCETA PARA CENTURY;1;37;64.69
CRUCETA PARA CENTURY 6;1;37;64.69
CRUCETA PARA COLUMBIA VOLVO;1;37;63.91
CRUCETAS PARA CARDAN;1;37;20
CUBO CUADRADO D-5410-M;1;37;1.95
CUBO CUADRO D-5538-H;1;37;8.5
CUBO P/ DOBLE;1;37;197.76
CUBO P/DOBLE;1;37;134.47
CUCHILLA DE 3 AGUJEROS METIZA;1;37;120.07
DEPOSITO DE AGUA P/ TRICOS;1;37;73.3
DESARM. 1 PUNTA PHILIPS 1;1;37;0.5
DESTOR PLANO DE GOLPE URREA;1;37;6.68
DESTOR. PHILLIPS DE GOLPE UREA;1;37;5.8
DESTORN INDUST;11;37;16.8
DESTORNILLADOR PHILLIPS;1;37;2.95
DISCO DE CLOUTH ORIG;1;37;267.25
DISCOS DE FRENO;1;37;50
DISCOS DE FRENO 43512-OKO10J;1;37;63.52
DISCO C ACERO;1;37;2.15
DISCO CORTE RAPIDO;1;37;1.35
DISCO DE LIJADO LIMPIO;1;37;1.43
DISCO DE METAL;1;37;6
DISCO DIAMANT-SEGMENT;1;37;13.5
DISCO LIJA 6;1;37;0.86
DISCO METAL;1;37;5
DISCO PARA PULIR;1;37;3.92
DISCO POLIFAN;1;37;5.65
DISCO ZIRCONIO LAMINADO;1;37;3.75
DISCO-4510 DISCO SABLE;1;37;1.45
DISCOS DE CORTE RAPIDO;1;37;3
DISCOS DE PULIR;1;37;3.5
ELECTRODOS;3;37;6.5
ELECTRODOS ALUMINIO;1;37;1.25
DRUM MINOLTA;1;37;256.37
EJE 7 X 39 4.04;1;37;1130
EJE DE LEVA;1;37;141.25
EMPAQUE D/ PUNTERIA;1;37;39.6
EMPAQUE DE CARTER;1;37;45.11
EMPAQUE DE CULATA ORIG;1;37;133.09
EMPAQUE DE MOTOR;11;37;140
EMPAQUE DE MOTOR;11;37;135.76
EMPAQUE DE PUNT;1;37;6.06
EMPAQUES DE CARBURADOR ;1;37;75
EMPAQUES DE CULATA;11;37;25
ENFRIADOR DE ACEITE ORIG;1;37;666.66
ESCALERA COMERC ALUMINIO;1;37;83
ESCOBILLA BOSCH 22;1;37;13.56
ESFERAS INFERIORES;1;37;25
ESFERAS SUPERIORES;1;37;25
ESPARRAGO 90942-02037;1;37;1.89
ESPARRAGO DELANTERO IZQUIERDO;1;37;8.68
ESPARRAGO IZQUIERDO;1;37;2.65
ESPARRAGO P/ BUFA;1;37;5.97
ESPARRAGO P/ LLANTA;1;37;12.31
ESPARRAGO P/BUFA D /FREIGHTLINER;1;37;5.97
ESPARRAGOS .;1;37;2.11
ESPARRAGOS;1;37;5
ESPATULA;1;37;1.9
ESPEJO CONVEXO;1;37;8.78
ESPEJO LAT.;1;37;43.35
ESPEJO LATERAL CUADRADO CON CONVEXO;1;37;13.64
EXTENSION FLEXIBLE PARA GRASERAS BO-FLEX -12 ;1;37;5.45
FAJA 13X1225;1;37;10
FAJA A100 SUPERTBELT;1;37;12.03
FAJA B32 SUPERBELT;1;37;8.54
FAJA B54 SUPERBELT;1;37;9.34
FAJA B55 SUPERBELT;1;37;8.5
FAJA CANALES;1;37;24.87
FAJA DE CANALES;1;37;24
FAJA DE MOTOR;1;37;10
FAJA DE MOTOR;1;37;30
FAJA PARA CUCHILLA;1;37;65.64
FAJAS 9690.;1;37;14.68
FAJAS B-126;1;37;32.28
FAJAS B-34;1;37;3.28
FAJAS B-91;1;37;23.47
FANT CLOUTH ORIG;1;37;328.98
FANT CLOUTH ORIG;1;37;374.09
FERULA #08;1;37;6
FERULA #10;1;37;10
FÉRULA MANGUERA HIDRÁULICA;1;37;5
FILTRO 228-9130 DE ELEMENTO CATERPILLAR;1;37;66.5
FILTRO CABINA AW 85;1;37;22
FILTRO CAT 1R-1808;1;37;83
FILTRO DE ACEITE CATERPILLA;1;37;31.88
FILTRO DE ACEITE CUMMINS;1;37;40.22
FILTRO DE ACEITE DUAL CORTO;1;37;48.65
FILTRO DE ACEITE FREIGHTLINER;1;37;8.75
FILTRO DE ACEITE INTER NAVISTA;1;37;24.91
FILTRO DE ACEITE ISIZU;1;37;8.21
FILTRO DE ACEITE ORIG. 26311-45010;1;37;37.29
FILTRO DE ACEITE ORIG. 90915-YZZD2.;1;37;17.42
FILTRO DE ACEITE P/ DETROIT;1;37;11.4
FILTRO DE ACEITE PH;1;37;6.08
FILTRO DE ACEITE TYT;1;37;4.25
FILTRO DE ACEITE TYT 3L CRU/MAZS;1;37;4.24
FILTRO DE AGUA ELEMENTO RETROEXCABADORA;1;37;53.03
FILTRO DE AGUA LFW-4071;1;37;11.89
FILTRO DE AGUA MOTOR DETROIT;1;37;9.33
FILTRO DE AIRE AF-773;1;37;7.21
FILTRO DE AIRE LARGO K2700;1;37;13.5
FILTRO DE AIRE NISSAN FRONTIER;1;37;11.25
FILTRO DE AIRE ORIGINAL TYT;1;37;47.6
FILTRO DE AIRE P/ MERCEDEZ;1;37;33.59
FILTRO DE AIRE P527682;1;37;72.4
FILTRO DE COMB. NE-856;1;37;1.63
FILTRO DE COMB. ORIG. 31945-45001;1;37;47.28
FILTRO DE COMBUSTIBLE;1;37;9.38
FILTRO DE COMBUSTIBLE C/ SENSOR;1;37;10.1
FILTRO DE COMBUSTIBLE NISS;1;37;10.5
FILTRO DE COMBUSTIBLE PARA MERC;1;37;51.74
FILTRO DE COMBUSTIBLE TYT HILUX;1;37;9.5
FILTRO DE COMBUSTIBLE TYT HILUX;1;37;69.84
FILTRO DE COMBUSTIBLE TYT HILUX 2L;1;37;9.5
FILTRO DE DIESEL COMBUSTIBLE CATERPILLAR;1;37;16.65
FILTRO DE DIESEL DE ELEMENTO;1;37;21.85
FILTRO DE DIESEL MOTONIVELADORA;1;37;68
FILTRO DE ELEMENTO DE ACEITE;1;37;17.12
FILTRO DE ELEMENTO DIESEL COMBUSTIBLE DETROIT;1;37;10
FILTRO DE POWER STEERING;1;37;23
FILTRO HIDRAULICO DE ACEITE;1;37;21.75
FILTRO P/COMPRESOR 24BM/1;1;37;20
FILTRO SECADOR FE 1003;1;37;18
FILTRO SECUNDARIO SEPARADOR DE AGUA;1;37;87
FILTRO SEPARADOR COMBUSTIBLE;1;37;16.35
FILTRO SEPARADOR COMBUSTIBLE-AGUA;1;37;21.8
FILTRO TRAMPA DE COMB;1;37;13.18
FILTRO/1R-1807 ACEITE/B76;1;37;39.47
FILTROS DE ACEITE;1;37;15
FILTROS DE AIRE;1;37;20
FILTROS DE COMBUSTIBLE;1;37;25
FLASHER 12V/2;1;37;8.13
FLECHA CENTRAL DE CARDAN;1;37;350
FUNDA DE CARDAN;1;37;70
FUSER MAINTENANCER KIT DOR HP LASERJET;1;37;250
FUSIBLE FK2-30A;1;37;0.45
FUSIBLE FM-015J;1;37;0.42
FUSIBLE MAXI GRANDE;1;37;1.75
FUSIBLE MIN;1;37;0.5
FUSIBLE P/ CARRO;1;37;0.25
FUSIBLE TERMICO 30A;1;37;0.15
GATO HIDRAULICO 5 TONEDAAS;1;37;66.5
GRACERAS CURVAS GC-8MM;1;37;0.68
GRACERAS GR-3/8;1;37;0.56
GRANADA DE 1 1/4;1;37;19
GRASERA DE 10 MM;1;37;1
GUARDAFANGO;1;37;39.95
GUÍA DE ESCAPE;1;37;8
GUIA VALVULAS DE ADMISION;1;37;20
GUIA VALVULAS DE ESCAPE;1;37;20
HIDROVAC 44610-3D770;1;37;115.26
HOJA DE RESORTE LISA;1;37;75
HOJA MADRE RES. 6BG1-1D;1;37;58.58
HOJA PRIMERA DE FRIGTLINER;1;37;195
HOJA PRIMERA DE HENDRICKSON;1;37;68
HOJA REFUERZO DE HENDRICKSON;1;37;40.95
HOJA SEGUNDA HENDRICKSON;1;37;69
HOJAS DE RESORTE UNIVERSAL;1;37;33.13
HULE P/ COPLIN P/ DIR;1;37;17.29
HULES DE BARRA ESTABILIZADORA;1;37;15
HULES DE BARRA ESTABILIZADORA PUNTA;1;37;15
INSERTO;1;37;0.55
INSERTO DE 1/4/1484X;1;37;0.55
INSERTO DE 5/8 463X10;1;37;1.5
INSERTOS 3/8;1;37;0.4
INVERSOR DE CORRIENTE DUA;1;37;210
11 DE FAJAS 7M-4702 ;1;37;159.95
KIT CILINDRO/BOTELLA;1;37;156.78
KIT DE BARRA DE ARRASTRE;1;37;29.26
KIT DE BARRA TENSORA;1;37;13.62
KIT DE CARBONES;1;37;10
KIT DE EMPAQUES;1;37;20.34
KIT DE EMPAQUES DE PARTE BAJA;1;37;196.52
KIT DE FILTROS DE AIRE MOTOR;1;37;316.08
KIT DE GANCHOS DE CRUCETA;1;37;14.67
KIT DE REPARACION MAZA HIDRAULIC;1;37;66.54
KIT DE RETENEDOR Y EMPAQUE;1;37;33
KIT DE RETENEDORES Y EMPAQUES;1;37;33
KIT DE RODILLOS DE IMPRESOR LASER;1;37;155
KIT ESPECIAL ESPARRAGO;1;37;9.75
KIT ORING INYECTOR INTER;1;37;18
KIT OVERHAUL SIN PISTONES;1;37;880.45
KIT P/ MOTOR ARRANQUE;1;37;39.8
KIT P/ MOTOR ARRANQUE;1;37;39.8
KIT P/ MOTOR ARRANQUE;1;37;39.8
LABIOS DE ASPIRACION;1;37;79.1
LAMINA AXIALES;11;37;7.88
LAMPARA  TIPO TORTUGA;1;37;2.1
LAMPARA LED BLANCA;1;37;18.5
LAMPARA STOP LED;1;37;23.25
LAMPARAS TRAS;1;37;15.83
LIMA TRIANGULAR;1;37;1.75
LLAVE CHORRO 1/2;1;37;5.25
LLAVE MIXTA;1;37;92.65
LLAVE MIXTA;1;37;3.65
LLAVE STILSON FOY 18 PULG;1;37;12.54
MACHETE PULIDO LISO;1;37;5.8
MAND 3/8 MANDRIL;1;37;4.35
MANECILLA INT;1;37;6.78
MANGO DE ESTRELLA;1;37;7
MARCADOR DE TEMPERATURA;1;37;26
MARTILLO OREJA 16 ONZAS;1;37;5.5
MARTILLO OREJA 8 ONZAS;1;37;3.95
MAXIFRENO;1;37;60.5
MAXIFRENO TIPO 30 BENDIX;1;37;60.5
MAXIFRENO TIPO 30 BENDIX;1;37;60.5
MECANISMO ORIG. P/ SUBIR VIDRIO;1;37;142.95
MENBRANA P/ MAXIFRENO;1;37;3
MOTOR ARRANQUE BENDIX 37 MT ;1;37;53
MOTOR DE ARRANQUE;1;37;238.35
MOTOR P/ DEP. DE AGUA DE TRI.ORIG;1;37;147.38
NAVAJA CAZADOR;1;37;8.75
ORIG. ODK;1;37;0.68
ORING 2MM;1;37;1.5
ORING ORIG. DE INY;1;37;4.28
OVERHAUL KIT INTE;1;37;1490
PALA IMAC. COMBAT M/LARGO;1;37;7.5
PALA IMACASA CLASSIC;1;37;7.75
PAR DE ESCOBILLA;1;37;11
PAR DE FRICCION;1;37;24.85
PAR DE FRICCION 4515;1;37;21.5
PAR DE FRICCION PICO DE LORA;1;37;24.85
PAR DE LODERA FREIGHTLINER;1;37;32.59
PAR DE PITO CARACOL;1;37;23.44
PARABRISAS DELANTERO;1;37;600
PARCHE #02;1;37;4
PASTILLAS;11;37;71.19
PASTILLAS 41060;11;37;31.76
PASTILLAS DE CALIBRACIÓN;1;37;10
PASTILLAS ORIG;11;37;321.56
PASTILLAS ORIG 04465-OK160;11;37;118.77
PASTILLAS PARA NISSAN Y TOYOTA;;37;25
PIEZAS DE FRICCION;1;37;4.06
PIEDRA PARA AFILAR;1;37;1.3
PIN;1;37;3.1
PIN CENTRAL C/ TUERCA;1;37;2.9
PIN P/HOJA DE RESORTE HENDRICKSON;1;37;21
PINES GUIAS;1;37;2.83
PIÑON 4302041;1;37;114.71
PIÑON AUXILIAR EATO FULLER;1;37;108
PIÑON PARA CAJA;1;37;97.03
PIÑON Y CORONA 41201-09650;1;37;1017
PIÑONES;11;37;654
PIOCHA C/MANGO IMACASA;1;37;11.65
PISTONES;11;37;169.87
PITO DE CARACOL HELLA;1;37;39.38
PLANTA GENERADORA Y CDI STARTER PARA MOTOCICLETA;1;37;120
PLATINOS;1;37;25
PLUNGER P/ SELENOIDE;1;37;12.25
PLUNGER P/ SELENOIDE TRIANGULAR;1;37;12.25
PLUNGER PRS REGULADOR;1;37;65
POLEA DE MOTOR;1;37;240.71
POLVERA EXT. P/ FLECHA;1;37;9.96
POLVERA INT;1;37;8.28
POLVERA INT. P7 FLECHA;1;37;10.29
POLVERA PALANC;1;37;21
POLVERAS P/ FLECHA;1;37;12.48
PORTA FUSIBLE AUDIO;1;37;2.9
PORTA FUSIBLES AUDIO;1;37;3.32
PORTA FUSIBLES AUDIO;1;37;2.9
PORTA FUSIBLES AUDIO PIPE;1;37;3.32
PRECAMARAS;1;37;22.6
PRECAMARAS BR 00;1;37;15.94
PRENSA CUMMINS ESTAMPADA;1;37;350
PRENSA DE CLOUTH ORIG;1;37;299.68
PROTECTOR CENTRAL P/ BOMPE;1;37;98.34
PROTECTOR P/ BOMPER;1;37;75.1
PUNTA PHILIPS #2;1;37;0.4
PUNTAS;1;37;13.2
PUNTAS;1;37;141.25
RADIADOR DYNA;1;37;452
RADIADOR EMB37101A;1;37;140.25
RADIADOR TY37118BM;1;37;126.06
RADIADOR WLVH-15-200;1;37;474.61
RATCH FRESADO ORDINARIO;1;37;22.75
RATCHET STANLEY;1;37;16.45
REGULADOR DE VOLTAJE;1;37;36.89
RELAY 5 PATAS A BOSCH;1;37;7.7
REMACHADORA POP STANLEY;1;37;17.9
REPUESTO P/ CUCHI;1;37;1.15
REPUESTOS;1;37;300
RESORTE;1;37;1.5
RESORTE P/ SINCRONIZADOR;1;37;1.14
RESORTES DE VALVULA;1;37;12.43
RETENEDOR;1;37;9.04
RETENEDOR (RETAINER);1;37;2.48
RETENEDOR 68326;1;37;4.52
RETENEDOR DE CIGUEÑA;1;37;68
RETENEDOR DELANTERO CIGUEÑA;1;37;18
RETENEDOR P/ BUFA STEMCO;1;37;47.21
RETENEDOR P/ BUFA STEMCO PISTA;1;37;47.21
RETENEDOR P/ BUFA TRASERA;1;37;22.95
RETENEDOR P/ YUGO;1;37;29.38
RETENEDOR TOMA FUERZA;1;37;7.49
RIEL PARA GAVETA;1;37;2.5
RIN 10.50 X17.5;1;37;986.58
RIN MILIMETRICO P/ CABEZAL;1;37;85
RIN MILIMETRICO P/CABEZAL;1;37;85
RINES 42611-0KB92;1;37;150
RODAMIENTOS Z620;1;37;9
SEGURO P/ FRICCION;1;37;0.75
SEGURO/ GANCHO IZQUIERDO;1;37;38
SELENOIDE 40/42MT/CATERPILLA;1;37;36.31
SELENOIDE 40/42MT/CATERPILLAR;1;37;53.08
SELLO DE VALVULA P/ DT408-466E;1;37;12
SELLOS DE VALVULA;1;37;1.28
SELLOS INTERNOS;1;37;0.85
SENSOR DE TEMP;1;37;59.66
SENSOR ELECTRONICO DE COLANT;1;37;48.25
SIERRA P/HIERRO BELLOTA;1;37;0.95
SILVIN CUADRADO;1;37;13.25
SINCRONIZADORES P/ CAJA;1;37;40.35
SOPORTE DE RESO. DEL ORIG;1;37;53.68
SOPORTE ORIG. P7 MOTOR;1;37;271.25
SOPORTE P/ TIJ;1;37;19.89
SOPORTE RADIADOR TYT HILUX;1;37;105
SOPORTE TRASERO P/ MOTOR;1;37;72.29
STOP  TYT HILUX;1;37;18.6
SURTIDOR D/ ACEITE;1;37;39.95
TAPON CIEGO MULTI USO;1;37;1.9
TAPON DE CABEZAL;1;37;20.34
TAPON DE RADIADOR;1;37;8.07
TAPON DE RADIADOR;1;37;8.73
TAPON MACHO 3/4;1;37;4
TAPON MP-18.;1;37;3.39
TAPON T/RANA P/SANITARIO;1;37;1.35
TENAZA ELECTRICISTA STANLEY;1;37;10.5
TENAZA P/ARMADOR;1;37;3.25
TENSORA COMPLETA AJUSTABLE 70MM FRIGHTLINER;1;37;113.97
TERCER BRAZO;1;37;99.44
TERCER BRAZO;1;37;80
TERMINAL BARRA EST.;1;37;37.06
TERMINAL DE DIRECCIÓN;1;37;21.18
TERMINALES DE DIRECCION EXTERNA;1;37;20
TERMINALES DE DIRECCION INTERNA;1;37;30
TERMINALES EXT. P/ DIRECCION;1;37;23.96
TERMINALES INT. P/ DIRECCION;1;37;29.2
TICTAX CINTA METRICA;1;37;10
TIJERA P/ ALUMINIO;1;37;14.9
TIJERA P/ALUMINIO STANLEY;1;37;14.9
TIJERA SUP. IZQ. ORIG;1;37;244.6
TIJERA SUP. ORIG;1;37;130.52
TOLVA ORIG;1;37;146.29
TOLVA P/ BOMPER;1;37;28.49
TOMA FUERZA FULLER ACOPLE DIRECTO;1;37;495.04
TOPES DE CAPERUZA;1;37;4.62
TORM-1/4X1;1;37;0.15
TRIP (CORREDIZAS;1;37;47.3
TUBO ABASTO;1;37;3
TUBO P/ FRENO;1;37;7.12
TURBO ET/87;1;37;780
UNION 62X8;1;37;4.8
UNION DE 1/4;1;37;3.5
VALV. D/CONTRO;1;37;4.75
VALVULA COBRA/ CAJA ELECTRICA;1;37;224.99
VALVULA COMPLETA P/ MAXIFRENO;1;37;19.5
VALVULA D/ENTRADA;1;37;6.5
VALVULA DE ADMISION;1;37;27.35
VALVULA DE ADMISION DT404-466E;1;37;32
VALVULA DE DESCARGA DE AIRE;1;37;13.13
VALVULA DE ESCAPE DT466;1;37;47.5
VALVULA DE PROTECCION;1;37;52
VALVULA DISTRIBUIDOR/ REPARTIDOR DE AIRE;1;37;14.13
VALVULA RANGER CAJA;1;37;69
VALVULA RELAY;1;37;37.9
VENTILADOR PARA AUTO;1;37;14.45
VENTOLERA ORIG;1;37;39.25
YUGO DE CARDAN;1;37;100
YUGO DE CARDAN;1;37;90.4
ZAPATAS DE FRENO;11;37;32.11
"ABRAZADERA  CONDUIT DE 1/2"" DE 1 PATA";1;38;0.09
"ABRAZADERA CONDUIT DE 3/4"" DE 1 PATA";1;38;0.11
AISLADOR TIPO CARRETE DE PORCELANA;1;38;1
ALAMBRE DE COBRE #16;1;38;0.35
ALAMBRE THHN SOLIDO # 14 (NEGRO);35;38;0.3
"BARRA PUESTA TIERRA 5/8"" X 8"" COPPERWELD";1;38;5
BASE PARA FOTOCELDA FISHER CON EMPAQUE Y TORNILLO CENTRAL;1;38;4
BATERIA 1110MF;1;38;120
BATERIA 41HD;1;38;107
BATERIA ACDELCO;1;38;101.7
BATERÍA AUTOCRAFT;1;38;198.22
BATERIA N70Z;1;38;103.03
BATERIA NX120MF;1;38;118
BATERIAS DE VEHICULOS 100 AMPERIOS;1;38;100
BATERIAS DE VEHICULOS 75 AMPERIOS;1;38;80
BATERIAS GRANDE;14;38;5
BATERIAS MEDIANA;14;38;3
BATERIAS PEQUEÑAS;14;38;2
BOMBILLO 2 CONTACTOS BOSH;1;38;1.25
BOMPER DEL. TY40213B;1;38;121.94
BOMBILLO LED DE 12W E26 120V;1;38;3.25
BOMBILLO LED DE 16W E26 120V;1;38;9
BOMBILLO LED DE 65W E40 100-240V;1;38;30
BOMBILLO LED DE 9W E26 120V;1;38;2.75
CABLE ASCR # 2;35;38;4
CABLE DE ALUMINIO;35;38;0.7
CABLE DUPLEX (ACSR Y WP) # 6;35;38;0.6
CABLE THHN # 10;35;38;1
CABLE THHN # 6;35;38;1.8
CABLE THHN # 8;35;38;1.25
CABLE TRIPLEX (ACSR Y WP(2)) # 6;35;38;0.85
CABLE TSJ;42;38;5
CABLE WP # 2;35;38;5
CAJA 4X2 PLASTICA RECTANGULAR;1;38;0.5
"CAJA 4X4"" PLASTICA NOCK OUT 1/2"" - 3/4""";1;38;2.5
"CAJA 5 X 5"" DOBLE FONDO ";1;38;2.5
CAJA METALICA 4X2;1;38;0.5
CAJA OCTAGONAL PLASTICA ;1;38;0.75
CAJA TERMICA 4 ESPACIOS ;1;38;25
"CEPO DE COBRE PARA BARRA COPPERWELD 5/8""";1;38;1.25
CEPO PERNO PARTIDO DE ALUMINIO P/CABLE #4;1;38;5
CINTA AISLANTE 1711;1;38;1.4
CINTA AISLANTE SUPER 33;1;38;4.7
CLEVIS ESTRIBO PARA AISLADOR DE CARRETE ;1;38;2.5
CONECTOR DE COMPRESION YP25U25;1;38;2.5
CONECTOR DE COMPRESION YP26AU2;1;38;1.75
CONECTOR DE COMPRESION YP26AU2;1;38;1.5
CONECTOR DE COMPRESION YPC2A8U;1;38;0.9
CONECTOR DE COMPRESION YPC2A8U;1;38;1.25
CONECTOR PARA CABLE (AMARILLO);1;38;0.23
"CONECTOR PARA TECNODUCTO 1""";1;38;2.5
CONECTOR MACHO;1;38;1.98
"CONECTOR PARA TECNODUCTO 1/2""";1;38;1
"CONECTOR PARA TECNODUCTO 3/4""";1;38;1.75
"CONECTOR RECTO METALICO PARA CABLE 1/2""";1;38;0.35
CORTACIRCUITO PARA 13KV;1;38;78.5
DADO TERMICO 1 POLO 15 AMP;1;38;5
DADO TERMICO 1 POLO 20 AMP;1;38;5
DADO TERMICO 2 POLO 20 AMP;1;38;5
DADO TERMICO 2 POLO 50 AMP;1;38;5
DIFUSOR PARA LAMPARA DE MERCURIO DE POLICARBONATO;1;38;3
ESTRIBO PARA AISLADOR DE CARRETE;1;38;5.5
EXTENSION PARA CORTACIRCUITO Y PARARRAYO;1;38;10
EXTENSIONES ELECTRICAS;1;38;5
EXTENSIONES ELECTRICAS;1;38;5
FOCO 53 PEQUEÑO;1;38;0.8
FOCO 9004;1;38;11.25
FOCO ALOGENO DE BOMPERS;1;38;14.93
FOCO DE HALURO METAL DE 400W;1;38;20
FOCO DE MERCURIO DE 175W;1;38;7
FOCO DE SODIO DE 400W;1;38;20
FOCO H11 HALOGENO;1;38;10.16
FOCO H4;1;38;6.33
FOCO P/ LUZ FRONTAL;1;38;6.78
FOCO P/ STOP;1;38;0.8
FOCO P/ VIA;1;38;0.68
FOCOS (158);1;38;1.25
FOCOS DE 60 WATTS;1;38;1
FOCOS DE 60 WATTS;1;38;1
FOTOCELDA FISHER AZUL ORIGINAL;1;38;7
FUSIBLE TIPO T DE 10 AMP;1;38;3.5
FUSIBLE TIPO T DE 15 AMP;1;38;4
FUSIBLE TIPO T DE 2 AMP;1;38;3.25
FUSIBLE TIPO T DE 20 AMP;1;38;5
FUSIBLE TIPO T DE 3 AMP;1;38;3.3
FUSIBLE TIPO T DE 5 AMP;1;38;4.5
FUSIBLE TIPO T DE 6 AMP;1;38;3.5
FUSIBLE TIPO T DE 8 AMP;1;38;3.5
GRAPA PARA LINEA VIVA AGP;1;38;9.75
HOUSING P/LAMPARA TIPO CANASTA;1;38;35
LAPMARA DE HALURO METAL DE 400W;1;38;30
LUMINARIA LED TIPO PROYECTOR DE 100W - 150W;1;38;250
MAIN DE 250 AMP 240V;1;38;300
MASTER TUBO LED 18W 6500K 120V T8;1;38;10
PARARRAYO DE 13KV;1;38;65
RECEPTACULO DE BAQUELITA IRROMPIBLE;1;38;1
REFLECTOR 120 W.INTERPERIE;1;38;15
REFLECTOR 120 W.INTERPERIE;1;38;15
REGLETA DE 6 TOMAS;1;38;15
REGLETA DE 6 TOMAS;1;38;15
RELE BIMETALICO;1;38;32.64
REMATE PREFORMADO P/ACSR #6;1;38;2.5
SCOCTH LOOK ROJO;1;38;0.25
SOCKET CERAMICA FOCO;1;38;1.56
SOCKET CERAMICA FOCO;1;38;2.25
SOCKET DE PORCELANA BASE E40;1;38;4
SOCKET METALICO 1;1;38;0.75
SOCKET PLASTICO;1;38;1.74
SOCKET PLASTICO P/ RELAY;1;38;2.18
SWICHT DE PALANCA;1;38;2.13
SWITCH CORTA CORRIENTE;1;38;37.51
SWITCH DE PALANCA FREIGHTLINER;1;38;135
SWITCH DE PITO P/ STAR DE BOTON;1;38;5.5
SWITCH DOBLE BTICINO INTEGRADA;1;38;4
SWITCH P/ LUCES FREIGHTLINER;1;38;49.5
SWITCH SENCILLO BTICINO PLACA INTEGRADA;1;38;2.7
SWITCH START 142-8858;1;38;168.2
SWITCH SUBE VIDRIO FREIGHTLINER;1;38;49.25
"TAPADERA METALICA PARA CAJA 5X5""";1;38;1
"TECNODUCTO DE 1""";36;38;20
"TECNODUCTO DE 3/4""";36;38;16
TERMINAL DE OJO;1;38;0.35
TERMINAL DE OJO 1/4;1;38;0.5
TERMINAL DE OJO 3/16;1;38;0.4
TERMINAL DE OJO 3/8;1;38;1
TERMINAL DE OJO CERRADO;1;38;0.35
TERMINAL EN U ;1;38;0.08
TERMINALES DE OJO 556;1;38;0.28
TERMOSTATO ORIG;1;38;123.86
TERMOSTATO ORIG;1;38;79.1
TERMOSTATO ORIG;1;38;35.06
TOMA CORRIENTE HEMBRA INDUSTRIAL LEGRAND;1;38;1.65
TOMA CORRIENTE MACHO INDUSTRIAL LEGRAND;1;38;1.65
TRANSFORMADOR DE 15KV;1;38;1000
TRANSFORMADOR DE 25KV;1;38;1250
TRANSFORMADOR DE 37.5 KV;1;38;1450
TRANSFORMADOR DE 50 KV;1;38;1650
TRANSFORMADOR DE 75 KV;1;38;2500
TUBOS FLOURECENTES;1;38;2
TUBOS FLOURECENTES;1;38;2
ALTERNADOR 23100;1;38;173.21
ASTAS PARA BANDERAS;11;39;110
SILLAS DE RUEDAS;1;39;150
ARNES;1;39;90
ATONIZADOR PRETUL;1;39;12
ASPERSOR JACTO 21 LTS;1;39;72
BANDEJA DE RODILLO;1;39;6.9
BANDOLA;1;39;180
BARBIQUEJO;1;39;2.5
BASUREROS;1;39;10
BROCHA;1;39;2.15
CAFETERA;1;39;205
CASCOS;1;39;7.5
CASSETTES DVCAM;1;39;5
CEPILLO PARA SERVICIO;1;39;2.5
CINTURON LINIERO;1;39;290
CONOS DE CERDA 1 LBS;1;39;2.5
DISCO DE CORTE ULTRA DELGADO 4 1/2;1;39;2
ESCOBA MAICILLO;1;39;2
ESCOBA PLASTICA;1;39;3
ESCOBETON CON MANGO DE 2 MTS. DE LARGO;1;39;3
FELPA;1;39;1.25
GORROS DESECHABLES ;1;39;0.25
GUANTES ANTICORTE;1;39;10
GUANTES DE NITRILLO;1;39;3.75
GUANTES DE NITRILO ;1;39;3.5
GUANTES PLASTICOS;1;39;3.75
GUANTE P/ELECTRICISTA TRUPER;1;39;5.25
LAZO NYLON 1;1;39;0.75
LENTES;1;39;4
LENTES PROTECTORES ;1;39;15
LIJA;1;39;0.55
MASCARILLAS N95;1;39;4.35
MASCONES;1;39;1
MOPAS DE 1 MTS;1;39;20
PALAS PLASTICAS;1;39;2.5
PERAS PARA INODORO;11;39;3
PRASTI CAJAS (PARA MATERIALES DE CAPACITACION);1;39;23
PULGADAS DE NYLON ;1;39;3.75
PULSERA ANTIESTATICA;1;39;22.5
PLYWOOD PINO 1/2;1;39;41.8
REPUEATOS PARA MOPA;1;39;15
"RESPIRADOR (MASCARILLAS) CONTRA PARTÍCULAS MODELO; N95, MARCA; 3M, LÍNEA; 8210V NIOSH. CON FILTROS";1;39;5
SET DE TAZA CON PAILA;1;39;5
SET DE BROCHAS Y BANDEJA.;1;39;6.9
TAPONES AUDITIVOS;1;39;1.97
TRAPEADOR (TRAPO);1;39;5
VASO DESECHABLE;1;39;0.7
VASOS DE MEDIA LUNA;37;39;2
ENVASE SALVAPLASTICO 1 G;1;39;0.67
MANTENIMIENTO DE AIRE ACONDICIONADO;1;45;25
MANTENIMIENTO DE FOTOCOPIADORA;1;45;60
REPARACIÓN DE AIRE ACONDICIONADO;1;45;100
REPARACIÓN DE FOTOCOPIADORA;1;45;300
MANTENIMIENTOS VEHÍCULOS;1;46;100
REPARACIONES DE VEHÍCULOS;1;46;500
 MOVILIZACION DE EQUIPO Y HERRAMIENTAS;1;48;500
FLETES;1;48;100
GASTOS DE ALMACENAMIENTO;1;48;50
PUBLICIDAD CAMET Y RADIO ACTIVA;1;49;448.4
PUBLICIDAD RADIO GUIJA;1;49;113
PUBLICIDAD RADIO LA CAMPIRANA;1;49;734.5
PUBLICIDAD RADIO REAL ;1;49;339
SERVICIOS DE LIMPIEZA;1;50;445
SERVICIOS DE FUMIGACION;1;50;445
FICHAS CATASTRALES DE INMUEBLE ;1;52;0.3
FICHAS CORRIENTES INMUEBLES;1;52;0.37
FICHAS CUENTAS CORRIENTES EMPRESAS;1;52;0.37
FORMATOS DE BITACORAS CON PAPEL QUIMICO PARA COPIAS;1;52;9.05
HOJAS MENBRETADAS PARA EL REGISTRO DEL ESTADO FAMILIAR;1;52;0.062
IMPRESION E INSTALACION DE  ROTULOS;1;52;150
MATRÍCULAS DE COMERCIANTES Y DESTAZADOR;1;52;0.452
PAGINAS MEMBRETADAS;1;52;0.17
RECIBOS DE COBRO DE TRIBUTO MERCADOS;1;52;0.17
ROTULACION DE VALLA PUBLICITARIA;1;52;400
SOBRES MEMBRETADOS;1;52;0.2
STICKER;1;52;50
TALONARIO DE ORDENES PROVISIONALES;1;52;2.5
TALONARIOS DE GUÍAS DE CONDUCIR CARNES;1;52;5.65
TALONARIOS DE GUÍAS DE CONDUCIR RESES;1;52;16.95
TALONARIOS DE ORDENES;1;52;4.5
TALONARIOS DE QUEDAN ;1;52;3.5
TALONARIOS DE SALIDA DE BODEGA;1;52;8
ANILLADORA;1;78;300
ARCHIVADOR METALICO 4 GAVETAS;1;78;275
ARCHIVO VERTICAL DE 5 GAVETAS.;1;78;272
ARCHIVERO 3G COLOR NEGRO BK;1;78;168
ARMARIO PERSIANA ;1;78;500
ESCRITORIOS;1;78;268
ESTANTES;1;78;72
GUILLOTINA;1;78;150
MESA PLASTICA PLEGLABLE;1;78;60
MODULOS PARA EQUIPOS DE COMPUT.;1;78;185
PIZARRAS ZOOP (CON FUNDA);1;78;250
SILLA EJECUTIVA ERGONOMICA;1;78;140
SILLA EJECUTIVA   ;1;78;250
SILLA EJECUTIVA DE CUERO ;1;78;900
SILLA DE ESPERA ;1;78;50
DISPENSADOR DE AGUA;1;78;170
CAMARA DE VIDEO;1;79;3900
CAMARAS FOTOGRAFICA DIGITAL  (INCLUIR);1;79;1000
CAMARAS FOTOGRAFICA POCKET;1;79;700
EQUIPOS DE AIRE;1;79;1500
FOTOCOPIADORAS;1;79;2500
PLANTA TELEFONICA;1;79;6000
TELEVISOR;1;79;700
CAÑON DE IMÁGENES ;1;81;1000
COMPUTADORA (DESKTOP COMPLETA);1;81;1200
CPU;1;81;800
DRON;1;81;3800
IMPRESOR LASSER;1;81;480
IMPRESORES DE INYECCION;1;81;200
LAPTOP;1;81;1200
MONITORES ;1;81;135.55
MULTIFUNCIONAL EPSON WORKFORCE WF-6590.;1;81;600
PARES DE MEDIA CONVERTER;1;81;226
REGULADORES DE VOLTAJE;1;81;65
UPS 1000V/6000W 6 SALIDAS;1;81;131.25
DISCO SSD DE 1TB KINGSTON SKC600 SATA;1;81;225
NOTEBOOK LENOVO V15.;1;81;965
DISCO DURO EXTERNO ADATA HV620S 2 TBEXTERNO (PORTÁTIL) 2.5PULG;1;81;89
EQUIPO DELL OPTIPLEX 3080 SFF. PROCESADOR: INTEL CORE i3-10100, MEMORIA: DDR4 DE 4GB 2666 MHz, MONITOR: 24 PULG.;1;81;818
EQUIPO DELL OPTIPLEX 3080SFF.;1;81;1245
IMPRESORA EPSON L3110 ECO TANK MULTIFUNCIONAL;1;81;198
MOTOR HONDA GX390;1;83;1022.65
ATORNILLADOR DE IMPACTO;1;84;252
CEPILLADORA ELECTRICA;1;84;150
COMPRESOR;1;84;160
CONTOMETROS;1;84;88
DESHUMIFICADOR ;1;84;500
EQUIPO DE SOLDADURA;1;84;220
ESMERIL;1;84;152
ROTOMARTILLO;1;84;232.8
SIERRA CIRCULAR MANUAL;1;84;100
TALADRO PERCUTOR;1;84;109
TELEFONO INALAMBRICO;1;84;300
TELEFONO INALAMBRICO;1;84;60
TRITURADORA POWERSHRED;1;84;500
